[
{
    "model": "auth.permission",
    "pk": 1,
    "fields": {
        "name": "Can add log entry",
        "content_type": 1,
        "codename": "add_logentry"
    }
},
{
    "model": "auth.permission",
    "pk": 2,
    "fields": {
        "name": "Can change log entry",
        "content_type": 1,
        "codename": "change_logentry"
    }
},
{
    "model": "auth.permission",
    "pk": 3,
    "fields": {
        "name": "Can delete log entry",
        "content_type": 1,
        "codename": "delete_logentry"
    }
},
{
    "model": "auth.permission",
    "pk": 4,
    "fields": {
        "name": "Can view log entry",
        "content_type": 1,
        "codename": "view_logentry"
    }
},
{
    "model": "auth.permission",
    "pk": 5,
    "fields": {
        "name": "Can add permission",
        "content_type": 2,
        "codename": "add_permission"
    }
},
{
    "model": "auth.permission",
    "pk": 6,
    "fields": {
        "name": "Can change permission",
        "content_type": 2,
        "codename": "change_permission"
    }
},
{
    "model": "auth.permission",
    "pk": 7,
    "fields": {
        "name": "Can delete permission",
        "content_type": 2,
        "codename": "delete_permission"
    }
},
{
    "model": "auth.permission",
    "pk": 8,
    "fields": {
        "name": "Can view permission",
        "content_type": 2,
        "codename": "view_permission"
    }
},
{
    "model": "auth.permission",
    "pk": 9,
    "fields": {
        "name": "Can add group",
        "content_type": 3,
        "codename": "add_group"
    }
},
{
    "model": "auth.permission",
    "pk": 10,
    "fields": {
        "name": "Can change group",
        "content_type": 3,
        "codename": "change_group"
    }
},
{
    "model": "auth.permission",
    "pk": 11,
    "fields": {
        "name": "Can delete group",
        "content_type": 3,
        "codename": "delete_group"
    }
},
{
    "model": "auth.permission",
    "pk": 12,
    "fields": {
        "name": "Can view group",
        "content_type": 3,
        "codename": "view_group"
    }
},
{
    "model": "auth.permission",
    "pk": 13,
    "fields": {
        "name": "Can add user",
        "content_type": 4,
        "codename": "add_user"
    }
},
{
    "model": "auth.permission",
    "pk": 14,
    "fields": {
        "name": "Can change user",
        "content_type": 4,
        "codename": "change_user"
    }
},
{
    "model": "auth.permission",
    "pk": 15,
    "fields": {
        "name": "Can delete user",
        "content_type": 4,
        "codename": "delete_user"
    }
},
{
    "model": "auth.permission",
    "pk": 16,
    "fields": {
        "name": "Can view user",
        "content_type": 4,
        "codename": "view_user"
    }
},
{
    "model": "auth.permission",
    "pk": 17,
    "fields": {
        "name": "Can add content type",
        "content_type": 5,
        "codename": "add_contenttype"
    }
},
{
    "model": "auth.permission",
    "pk": 18,
    "fields": {
        "name": "Can change content type",
        "content_type": 5,
        "codename": "change_contenttype"
    }
},
{
    "model": "auth.permission",
    "pk": 19,
    "fields": {
        "name": "Can delete content type",
        "content_type": 5,
        "codename": "delete_contenttype"
    }
},
{
    "model": "auth.permission",
    "pk": 20,
    "fields": {
        "name": "Can view content type",
        "content_type": 5,
        "codename": "view_contenttype"
    }
},
{
    "model": "auth.permission",
    "pk": 21,
    "fields": {
        "name": "Can add session",
        "content_type": 6,
        "codename": "add_session"
    }
},
{
    "model": "auth.permission",
    "pk": 22,
    "fields": {
        "name": "Can change session",
        "content_type": 6,
        "codename": "change_session"
    }
},
{
    "model": "auth.permission",
    "pk": 23,
    "fields": {
        "name": "Can delete session",
        "content_type": 6,
        "codename": "delete_session"
    }
},
{
    "model": "auth.permission",
    "pk": 24,
    "fields": {
        "name": "Can view session",
        "content_type": 6,
        "codename": "view_session"
    }
},
{
    "model": "auth.permission",
    "pk": 25,
    "fields": {
        "name": "Can add Профиль автора",
        "content_type": 7,
        "codename": "add_authorprofile"
    }
},
{
    "model": "auth.permission",
    "pk": 26,
    "fields": {
        "name": "Can change Профиль автора",
        "content_type": 7,
        "codename": "change_authorprofile"
    }
},
{
    "model": "auth.permission",
    "pk": 27,
    "fields": {
        "name": "Can delete Профиль автора",
        "content_type": 7,
        "codename": "delete_authorprofile"
    }
},
{
    "model": "auth.permission",
    "pk": 28,
    "fields": {
        "name": "Can view Профиль автора",
        "content_type": 7,
        "codename": "view_authorprofile"
    }
},
{
    "model": "auth.permission",
    "pk": 29,
    "fields": {
        "name": "Can add Блог",
        "content_type": 8,
        "codename": "add_blog"
    }
},
{
    "model": "auth.permission",
    "pk": 30,
    "fields": {
        "name": "Can change Блог",
        "content_type": 8,
        "codename": "change_blog"
    }
},
{
    "model": "auth.permission",
    "pk": 31,
    "fields": {
        "name": "Can delete Блог",
        "content_type": 8,
        "codename": "delete_blog"
    }
},
{
    "model": "auth.permission",
    "pk": 32,
    "fields": {
        "name": "Can view Блог",
        "content_type": 8,
        "codename": "view_blog"
    }
},
{
    "model": "auth.permission",
    "pk": 33,
    "fields": {
        "name": "Can add tag",
        "content_type": 9,
        "codename": "add_tag"
    }
},
{
    "model": "auth.permission",
    "pk": 34,
    "fields": {
        "name": "Can change tag",
        "content_type": 9,
        "codename": "change_tag"
    }
},
{
    "model": "auth.permission",
    "pk": 35,
    "fields": {
        "name": "Can delete tag",
        "content_type": 9,
        "codename": "delete_tag"
    }
},
{
    "model": "auth.permission",
    "pk": 36,
    "fields": {
        "name": "Can view tag",
        "content_type": 9,
        "codename": "view_tag"
    }
},
{
    "model": "auth.permission",
    "pk": 37,
    "fields": {
        "name": "Can add user profile",
        "content_type": 10,
        "codename": "add_userprofile"
    }
},
{
    "model": "auth.permission",
    "pk": 38,
    "fields": {
        "name": "Can change user profile",
        "content_type": 10,
        "codename": "change_userprofile"
    }
},
{
    "model": "auth.permission",
    "pk": 39,
    "fields": {
        "name": "Can delete user profile",
        "content_type": 10,
        "codename": "delete_userprofile"
    }
},
{
    "model": "auth.permission",
    "pk": 40,
    "fields": {
        "name": "Can view user profile",
        "content_type": 10,
        "codename": "view_userprofile"
    }
},
{
    "model": "auth.permission",
    "pk": 41,
    "fields": {
        "name": "Can add entry",
        "content_type": 11,
        "codename": "add_entry"
    }
},
{
    "model": "auth.permission",
    "pk": 42,
    "fields": {
        "name": "Can change entry",
        "content_type": 11,
        "codename": "change_entry"
    }
},
{
    "model": "auth.permission",
    "pk": 43,
    "fields": {
        "name": "Can delete entry",
        "content_type": 11,
        "codename": "delete_entry"
    }
},
{
    "model": "auth.permission",
    "pk": 44,
    "fields": {
        "name": "Can view entry",
        "content_type": 11,
        "codename": "view_entry"
    }
},
{
    "model": "auth.permission",
    "pk": 45,
    "fields": {
        "name": "Может просматривать статью",
        "content_type": 11,
        "codename": "can_view_entry"
    }
},
{
    "model": "auth.permission",
    "pk": 46,
    "fields": {
        "name": "Может создать статью",
        "content_type": 11,
        "codename": "can_add_entry"
    }
},
{
    "model": "auth.permission",
    "pk": 47,
    "fields": {
        "name": "Может изменять статью",
        "content_type": 11,
        "codename": "can_change_entry"
    }
},
{
    "model": "auth.permission",
    "pk": 48,
    "fields": {
        "name": "Может удалять статью",
        "content_type": 11,
        "codename": "can_delete_entry"
    }
},
{
    "model": "auth.permission",
    "pk": 49,
    "fields": {
        "name": "Can add comment",
        "content_type": 12,
        "codename": "add_comment"
    }
},
{
    "model": "auth.permission",
    "pk": 50,
    "fields": {
        "name": "Can change comment",
        "content_type": 12,
        "codename": "change_comment"
    }
},
{
    "model": "auth.permission",
    "pk": 51,
    "fields": {
        "name": "Can delete comment",
        "content_type": 12,
        "codename": "delete_comment"
    }
},
{
    "model": "auth.permission",
    "pk": 52,
    "fields": {
        "name": "Can view comment",
        "content_type": 12,
        "codename": "view_comment"
    }
},
{
    "model": "auth.group",
    "pk": 1,
    "fields": {
        "name": "Авторы",
        "permissions": [
            46,
            47,
            48,
            45
        ]
    }
},
{
    "model": "auth.user",
    "pk": 1,
    "fields": {
        "password": "pbkdf2_sha256$600000$C1cWGZRaazhASSMjyHG5l4$01rGOb+9edNZ6L3l0hNyhN1K++Hd+1ENEu9TZoGfvmA=",
        "last_login": null,
        "is_superuser": true,
        "username": "admin",
        "first_name": "",
        "last_name": "",
        "email": "",
        "is_staff": true,
        "is_active": true,
        "date_joined": "2024-03-17T23:27:36.703Z",
        "groups": [
            1
        ],
        "user_permissions": []
    }
},
{
    "model": "auth.user",
    "pk": 2,
    "fields": {
        "password": "pbkdf2_sha256$600000$zdCb2oIKYexmLGs2eh3oKd$ZsRzEGl2X4O6UNKJ+78wvP3934JLHcbzDp6PJnmCPr8=",
        "last_login": null,
        "is_superuser": false,
        "username": "kozlovkir",
        "first_name": "",
        "last_name": "",
        "email": "zaharkudrjavtsev@rambler.ru",
        "is_staff": true,
        "is_active": true,
        "date_joined": "2024-03-17T23:27:37.058Z",
        "groups": [],
        "user_permissions": []
    }
},
{
    "model": "auth.user",
    "pk": 3,
    "fields": {
        "password": "pbkdf2_sha256$600000$aY08w88FprRV51v7l3BvV3$zCiPqyZ4t93PR9ZhvLNDgw5Kh8brEZu3tW7zTcgP35Q=",
        "last_login": null,
        "is_superuser": false,
        "username": "german35",
        "first_name": "",
        "last_name": "",
        "email": "tarasovnatan@gmail.com",
        "is_staff": true,
        "is_active": true,
        "date_joined": "2024-03-17T23:27:37.385Z",
        "groups": [],
        "user_permissions": []
    }
},
{
    "model": "auth.user",
    "pk": 4,
    "fields": {
        "password": "pbkdf2_sha256$600000$bOILcHBMEmP5Gwi6ysFxLx$ph6HN00UObAzLmv+kFVGJxa2W/GFJXFgcgkRaJ2ztK4=",
        "last_login": null,
        "is_superuser": false,
        "username": "krasilnikovigor",
        "first_name": "",
        "last_name": "",
        "email": "shcherbakovklavdi@mail.ru",
        "is_staff": true,
        "is_active": true,
        "date_joined": "2024-03-17T23:27:37.739Z",
        "groups": [],
        "user_permissions": []
    }
},
{
    "model": "auth.user",
    "pk": 5,
    "fields": {
        "password": "pbkdf2_sha256$600000$2zDz8XcMmoGs8Fz7vxRbKT$xcQACJK2Umzk3/zeOfemzhqg5iWc8+CrISRb64ZFJgU=",
        "last_login": null,
        "is_superuser": false,
        "username": "amoskonstantinov",
        "first_name": "",
        "last_name": "",
        "email": "oleg_41@yahoo.com",
        "is_staff": true,
        "is_active": true,
        "date_joined": "2024-03-17T23:27:38.125Z",
        "groups": [],
        "user_permissions": []
    }
},
{
    "model": "auth.user",
    "pk": 6,
    "fields": {
        "password": "pbkdf2_sha256$600000$6hG3eNqbkPFgc3atanLyIA$/bLeSyQcD+FI/hUzxIKuVnPitozO3UBh87d7He4xS+w=",
        "last_login": null,
        "is_superuser": false,
        "username": "budimir2021",
        "first_name": "",
        "last_name": "",
        "email": "samolovavalerija@yahoo.com",
        "is_staff": true,
        "is_active": true,
        "date_joined": "2024-03-17T23:27:38.478Z",
        "groups": [],
        "user_permissions": []
    }
},
{
    "model": "auth.user",
    "pk": 7,
    "fields": {
        "password": "pbkdf2_sha256$600000$hImep7DFNeZPiEZjiWSoqb$EdZIrmgQubjDRbAEwoN9F836snrCFH0GF6SbdFwWkhQ=",
        "last_login": null,
        "is_superuser": false,
        "username": "platon27",
        "first_name": "",
        "last_name": "",
        "email": "pestovaivanna@yandex.ru",
        "is_staff": false,
        "is_active": true,
        "date_joined": "2024-03-17T23:27:38.831Z",
        "groups": [
            1
        ],
        "user_permissions": []
    }
},
{
    "model": "auth.user",
    "pk": 8,
    "fields": {
        "password": "pbkdf2_sha256$600000$a3xGxu1FE257mlZU8KGcFy$JJWWg+TIdYoALTX+RsXC8tQhCwHtZZSOJEG/L8WMAoY=",
        "last_login": null,
        "is_superuser": false,
        "username": "arefizhuravlev",
        "first_name": "",
        "last_name": "",
        "email": "mihalovsvjatoslav@gmail.com",
        "is_staff": false,
        "is_active": true,
        "date_joined": "2024-03-17T23:27:39.231Z",
        "groups": [
            1
        ],
        "user_permissions": []
    }
},
{
    "model": "auth.user",
    "pk": 9,
    "fields": {
        "password": "pbkdf2_sha256$600000$61LSFIRSGEH8qQmYhVVMkG$ix4k0scQNlUTrzvrxP09DzD4ihaP09NhpndQSIPOyuQ=",
        "last_login": null,
        "is_superuser": false,
        "username": "zinovigolubev",
        "first_name": "",
        "last_name": "",
        "email": "adrian_98@yahoo.com",
        "is_staff": false,
        "is_active": true,
        "date_joined": "2024-03-17T23:27:39.603Z",
        "groups": [
            1
        ],
        "user_permissions": []
    }
},
{
    "model": "auth.user",
    "pk": 10,
    "fields": {
        "password": "pbkdf2_sha256$600000$TjmMe52MVvgbdFmIVlmCMX$Zm/p37lJvuhVHcsbPt9PqIoQsXp2cWPYMghHbleCwwM=",
        "last_login": null,
        "is_superuser": false,
        "username": "valentinbelov",
        "first_name": "",
        "last_name": "",
        "email": "brogov@mail.ru",
        "is_staff": false,
        "is_active": true,
        "date_joined": "2024-03-17T23:27:39.939Z",
        "groups": [
            1
        ],
        "user_permissions": []
    }
},
{
    "model": "auth.user",
    "pk": 11,
    "fields": {
        "password": "pbkdf2_sha256$600000$TIS25CFA17lLiWxbfr3k4Q$mdsnlvYyvkLbwRoqsYDFRZ06VLAfrqPs1PIMhcpPJzU=",
        "last_login": null,
        "is_superuser": false,
        "username": "vasilevtimur",
        "first_name": "",
        "last_name": "",
        "email": "litkinaanna@yahoo.com",
        "is_staff": false,
        "is_active": true,
        "date_joined": "2024-03-17T23:27:40.295Z",
        "groups": [
            1
        ],
        "user_permissions": []
    }
},
{
    "model": "auth.user",
    "pk": 12,
    "fields": {
        "password": "pbkdf2_sha256$600000$QH9poyInkvaC3FLIO1FPuG$tO0g6ly08oNoU5u5Du7JgkTaUE2Tzk7n3YNr2xNltTg=",
        "last_login": null,
        "is_superuser": false,
        "username": "erofe09",
        "first_name": "",
        "last_name": "",
        "email": "arkadi_2020@hotmail.com",
        "is_staff": false,
        "is_active": true,
        "date_joined": "2024-03-17T23:27:40.684Z",
        "groups": [
            1
        ],
        "user_permissions": []
    }
},
{
    "model": "auth.user",
    "pk": 13,
    "fields": {
        "password": "pbkdf2_sha256$600000$ejm9siuTJL4HV0Gz7nivng$3HcTCI+s0cOfa5N8NeitQ/OHlRVv+FvS2DIVNpSwK94=",
        "last_login": null,
        "is_superuser": false,
        "username": "lshirjaeva",
        "first_name": "",
        "last_name": "",
        "email": "luka_1987@yahoo.com",
        "is_staff": false,
        "is_active": true,
        "date_joined": "2024-03-17T23:27:41.073Z",
        "groups": [
            1
        ],
        "user_permissions": []
    }
},
{
    "model": "auth.user",
    "pk": 14,
    "fields": {
        "password": "pbkdf2_sha256$600000$K1qd6LK7TPMq49E3WfUDNL$rG4TFOC0hy4d/gb8Z8tc5aWVyMLmIBXNsTb/4+45Ao0=",
        "last_login": null,
        "is_superuser": false,
        "username": "arhip_35",
        "first_name": "",
        "last_name": "",
        "email": "gleb78@rambler.ru",
        "is_staff": false,
        "is_active": true,
        "date_joined": "2024-03-17T23:27:41.425Z",
        "groups": [
            1
        ],
        "user_permissions": []
    }
},
{
    "model": "auth.user",
    "pk": 15,
    "fields": {
        "password": "pbkdf2_sha256$600000$CVT8qgpbSS01f5tT4efHPr$NHUBdqUSPBRYOwjJRiUqZ5QDuVCpZO95NOPg7Cd6DCA=",
        "last_login": null,
        "is_superuser": false,
        "username": "kapitonseleznev",
        "first_name": "",
        "last_name": "",
        "email": "ipati1973@gmail.com",
        "is_staff": false,
        "is_active": true,
        "date_joined": "2024-03-17T23:27:41.779Z",
        "groups": [
            1
        ],
        "user_permissions": []
    }
},
{
    "model": "auth.user",
    "pk": 16,
    "fields": {
        "password": "pbkdf2_sha256$600000$aK2aNOMUhW1lPkC1YNph2F$Wp6w/G92JcZ4rPkuBInyJKRWqNdoinUptCroiqQuteE=",
        "last_login": null,
        "is_superuser": false,
        "username": "gedeon_1999",
        "first_name": "",
        "last_name": "",
        "email": "volkovleon@hotmail.com",
        "is_staff": false,
        "is_active": true,
        "date_joined": "2024-03-17T23:27:42.170Z",
        "groups": [
            1
        ],
        "user_permissions": []
    }
},
{
    "model": "auth.user",
    "pk": 17,
    "fields": {
        "password": "pbkdf2_sha256$600000$GpNYt4yIDVANJIbRaaia5z$vvM2mLs+h5RukTnA763U4kIuCMMOj0aqPxMSmYSQWO8=",
        "last_login": null,
        "is_superuser": false,
        "username": "qisaeva",
        "first_name": "",
        "last_name": "",
        "email": "karljakovlev@rambler.ru",
        "is_staff": false,
        "is_active": true,
        "date_joined": "2024-03-17T23:27:42.569Z",
        "groups": [
            1
        ],
        "user_permissions": []
    }
},
{
    "model": "auth.user",
    "pk": 18,
    "fields": {
        "password": "pbkdf2_sha256$600000$m5QomTjtU4s4FCI0AA0tkX$ePK6/AaDcTz1qPZRxEY3bKz03yiKrDPm9i4TOmAnxt4=",
        "last_login": null,
        "is_superuser": false,
        "username": "maksimiljan_1971",
        "first_name": "",
        "last_name": "",
        "email": "shashkovkazimir@yahoo.com",
        "is_staff": false,
        "is_active": true,
        "date_joined": "2024-03-17T23:27:42.960Z",
        "groups": [
            1
        ],
        "user_permissions": []
    }
},
{
    "model": "auth.user",
    "pk": 19,
    "fields": {
        "password": "pbkdf2_sha256$600000$65AymNGQRKRgaSUdoWvJvX$jr1uVfa/QFlJ5MX/24jqSJExu99SzyD4Rgd2FkTV2Yc=",
        "last_login": null,
        "is_superuser": false,
        "username": "blohinmaksimiljan",
        "first_name": "",
        "last_name": "",
        "email": "veronika_14@yandex.ru",
        "is_staff": false,
        "is_active": true,
        "date_joined": "2024-03-17T23:27:43.314Z",
        "groups": [
            1
        ],
        "user_permissions": []
    }
},
{
    "model": "auth.user",
    "pk": 20,
    "fields": {
        "password": "pbkdf2_sha256$600000$hvofSbMmzYtxTqmC7m7cZ5$kwA9usWFneSxiUqJOzH851WnhfJNK1CUr8wYwdPvyfU=",
        "last_login": null,
        "is_superuser": false,
        "username": "ruben_77",
        "first_name": "",
        "last_name": "",
        "email": "sokratmuhin@rambler.ru",
        "is_staff": false,
        "is_active": true,
        "date_joined": "2024-03-17T23:27:43.629Z",
        "groups": [
            1
        ],
        "user_permissions": []
    }
},
{
    "model": "auth.user",
    "pk": 21,
    "fields": {
        "password": "pbkdf2_sha256$600000$0k01NJzG1NqqZWyXwwbeoa$b2JGvkp9hSZGcc+rrMfJiZkgBGQpixNRi7Bj0/gNjIs=",
        "last_login": null,
        "is_superuser": false,
        "username": "nestorgorshkov",
        "first_name": "",
        "last_name": "",
        "email": "jmartinov@rambler.ru",
        "is_staff": false,
        "is_active": true,
        "date_joined": "2024-03-17T23:27:43.986Z",
        "groups": [
            1
        ],
        "user_permissions": []
    }
},
{
    "model": "auth.user",
    "pk": 22,
    "fields": {
        "password": "pbkdf2_sha256$600000$u9L685ZN1QrHCdQvQQmOET$uhZGTuSIN5TWnbzLtyDJPenKW2cTK27ZPasPVAHWI6g=",
        "last_login": null,
        "is_superuser": false,
        "username": "juli2018",
        "first_name": "",
        "last_name": "",
        "email": "parfen_2007@mail.ru",
        "is_staff": false,
        "is_active": true,
        "date_joined": "2024-03-17T23:27:44.333Z",
        "groups": [
            1
        ],
        "user_permissions": []
    }
},
{
    "model": "auth.user",
    "pk": 23,
    "fields": {
        "password": "pbkdf2_sha256$600000$8AyVnigbHX4GQuEWgXbR2R$h9nmr5hufTJV0V4I1KLzu6oLas/ig+ihsKr264reCv8=",
        "last_login": null,
        "is_superuser": false,
        "username": "jtihonova",
        "first_name": "",
        "last_name": "",
        "email": "arseniaksenov@mail.ru",
        "is_staff": false,
        "is_active": true,
        "date_joined": "2024-03-17T23:27:44.686Z",
        "groups": [
            1
        ],
        "user_permissions": []
    }
},
{
    "model": "auth.user",
    "pk": 24,
    "fields": {
        "password": "pbkdf2_sha256$600000$PeiN1C8DXBJga1toa8soeQ$fF0jo+3y1NWOtNAQtVJNau3oBuF3sJJPc1HsG2jQwV4=",
        "last_login": null,
        "is_superuser": false,
        "username": "sevastjanpoljakov",
        "first_name": "",
        "last_name": "",
        "email": "polikarp70@mail.ru",
        "is_staff": false,
        "is_active": true,
        "date_joined": "2024-03-17T23:27:45.082Z",
        "groups": [
            1
        ],
        "user_permissions": []
    }
},
{
    "model": "auth.user",
    "pk": 25,
    "fields": {
        "password": "pbkdf2_sha256$600000$7ioa8l2SYNXrnLv8sosiw5$2mvB4tj12OKdYdFuYxBkO320Nl027UEu6Asxmjd8TDY=",
        "last_login": null,
        "is_superuser": false,
        "username": "ereme_75",
        "first_name": "",
        "last_name": "",
        "email": "sinklitikija_64@mail.ru",
        "is_staff": false,
        "is_active": true,
        "date_joined": "2024-03-17T23:27:45.418Z",
        "groups": [
            1
        ],
        "user_permissions": []
    }
},
{
    "model": "auth.user",
    "pk": 26,
    "fields": {
        "password": "pbkdf2_sha256$600000$Cp41pmBbnfYYZC1AhHGmLQ$9VVrUDvMaiQgIYE/TAovMGLRibjUXJ02ljDoyH6nnNk=",
        "last_login": null,
        "is_superuser": false,
        "username": "vorontsoverofe",
        "first_name": "",
        "last_name": "",
        "email": "kira1987@hotmail.com",
        "is_staff": false,
        "is_active": true,
        "date_joined": "2024-03-17T23:27:45.771Z",
        "groups": [
            1
        ],
        "user_permissions": []
    }
},
{
    "model": "auth.user",
    "pk": 27,
    "fields": {
        "password": "pbkdf2_sha256$600000$py6gSlG3oSNQiWHAhlnbji$kggKoM1CUUNsXpSIcWNKv8aZArOPekJ39aMqJj1NeNY=",
        "last_login": null,
        "is_superuser": false,
        "username": "evseevfeofan",
        "first_name": "",
        "last_name": "",
        "email": "konovalovasinklitikija@mail.ru",
        "is_staff": false,
        "is_active": true,
        "date_joined": "2024-03-17T23:27:46.163Z",
        "groups": [],
        "user_permissions": []
    }
},
{
    "model": "auth.user",
    "pk": 28,
    "fields": {
        "password": "pbkdf2_sha256$600000$t0gfZVrsx7zX2NX2yjqO2H$Ve/5sFyZwiAQ4+KfMRzr5KsSSvSrgfecPDxF5fD/bQY=",
        "last_login": null,
        "is_superuser": false,
        "username": "polikarp2019",
        "first_name": "",
        "last_name": "",
        "email": "ljubomir31@hotmail.com",
        "is_staff": false,
        "is_active": true,
        "date_joined": "2024-03-17T23:27:46.515Z",
        "groups": [],
        "user_permissions": []
    }
},
{
    "model": "auth.user",
    "pk": 29,
    "fields": {
        "password": "pbkdf2_sha256$600000$PuR7pOuiOMQrBPGbRkitYj$9Vr387L3rqFfJ92har3NBk63R2jASOaqqeZNADwZuMc=",
        "last_login": null,
        "is_superuser": false,
        "username": "zhuravlevorest",
        "first_name": "",
        "last_name": "",
        "email": "fedor2021@yahoo.com",
        "is_staff": false,
        "is_active": true,
        "date_joined": "2024-03-17T23:27:46.873Z",
        "groups": [],
        "user_permissions": []
    }
},
{
    "model": "auth.user",
    "pk": 30,
    "fields": {
        "password": "pbkdf2_sha256$600000$o1GvcLopD3mHoqcaAzuVY3$jTndUr9zVHh1sGF74S6kNp0R4zTqFDuabZbAYmJ4gp0=",
        "last_login": null,
        "is_superuser": false,
        "username": "ipati31",
        "first_name": "",
        "last_name": "",
        "email": "lukakovalev@rambler.ru",
        "is_staff": false,
        "is_active": true,
        "date_joined": "2024-03-17T23:27:47.227Z",
        "groups": [],
        "user_permissions": []
    }
},
{
    "model": "auth.user",
    "pk": 31,
    "fields": {
        "password": "pbkdf2_sha256$600000$YKZuuJf8IN8St4ltM8fisp$dLP8COndTj7cA1CgbUYfQMj0+UCZ8aWLK1zfiiRZgpI=",
        "last_login": null,
        "is_superuser": false,
        "username": "zhdanovakira",
        "first_name": "",
        "last_name": "",
        "email": "kabanovseliverst@gmail.com",
        "is_staff": false,
        "is_active": true,
        "date_joined": "2024-03-17T23:27:47.603Z",
        "groups": [],
        "user_permissions": []
    }
},
{
    "model": "auth.user",
    "pk": 32,
    "fields": {
        "password": "pbkdf2_sha256$600000$z6exvOSiT1poBRSRNAcVxD$gxXsKgxyyA6vhicRaCGFPxb/fQUOEQIM8sfHNU5uyqA=",
        "last_login": null,
        "is_superuser": false,
        "username": "viktorinnaumov",
        "first_name": "",
        "last_name": "",
        "email": "mfrolova@yandex.ru",
        "is_staff": false,
        "is_active": true,
        "date_joined": "2024-03-17T23:27:47.993Z",
        "groups": [],
        "user_permissions": []
    }
},
{
    "model": "auth.user",
    "pk": 33,
    "fields": {
        "password": "pbkdf2_sha256$600000$W28RK9R3pzZ5QswOoGrSpe$J3ks1sztYM3cxWudy7Kuro2plo6XRPzT6HiqpbkkI7E=",
        "last_login": null,
        "is_superuser": false,
        "username": "zhdanovafinogen",
        "first_name": "",
        "last_name": "",
        "email": "smirnovosip@mail.ru",
        "is_staff": false,
        "is_active": true,
        "date_joined": "2024-03-17T23:27:48.347Z",
        "groups": [],
        "user_permissions": []
    }
},
{
    "model": "auth.user",
    "pk": 34,
    "fields": {
        "password": "pbkdf2_sha256$600000$Pim7MXMh3owMPxgxZyVbq9$qDGRpbefn523zhbBJ40f79vOG7UWvN/aGv36/ld3UZE=",
        "last_login": null,
        "is_superuser": false,
        "username": "gennadiburov",
        "first_name": "",
        "last_name": "",
        "email": "vjacheslav10@yahoo.com",
        "is_staff": false,
        "is_active": true,
        "date_joined": "2024-03-17T23:27:48.699Z",
        "groups": [],
        "user_permissions": []
    }
},
{
    "model": "auth.user",
    "pk": 35,
    "fields": {
        "password": "pbkdf2_sha256$600000$ZpkJgzE1Wj3M2Ma6V7XFvD$RWXIUrTKmvdn5RJbquyLzNpuxAz4Y8vp/VFJk2FdjjM=",
        "last_login": null,
        "is_superuser": false,
        "username": "danilovfirs",
        "first_name": "",
        "last_name": "",
        "email": "fadeevairaida@yandex.ru",
        "is_staff": false,
        "is_active": true,
        "date_joined": "2024-03-17T23:27:49.091Z",
        "groups": [],
        "user_permissions": []
    }
},
{
    "model": "auth.user",
    "pk": 36,
    "fields": {
        "password": "pbkdf2_sha256$600000$C9l82bODsWdhxiKzS9ij2P$o0kwnO1QuvFdA1WrsFOm3N3JGLlMVDnbpcJLtgoAEEw=",
        "last_login": null,
        "is_superuser": false,
        "username": "veronika68",
        "first_name": "",
        "last_name": "",
        "email": "panovaanna@hotmail.com",
        "is_staff": false,
        "is_active": true,
        "date_joined": "2024-03-17T23:27:49.466Z",
        "groups": [],
        "user_permissions": []
    }
},
{
    "model": "auth.user",
    "pk": 37,
    "fields": {
        "password": "pbkdf2_sha256$600000$3QnlEL2Hozb8pvOXqHGYin$KMsrIg8e6UMryeRt7nOxuOAEfguM64aLLkHjkggzTHw=",
        "last_login": null,
        "is_superuser": false,
        "username": "gushchinkonstantin",
        "first_name": "",
        "last_name": "",
        "email": "ija2002@gmail.com",
        "is_staff": false,
        "is_active": true,
        "date_joined": "2024-03-17T23:27:49.784Z",
        "groups": [],
        "user_permissions": []
    }
},
{
    "model": "auth.user",
    "pk": 38,
    "fields": {
        "password": "pbkdf2_sha256$600000$smRYkV2UKWAy4Cs6ZMwmp4$Kb1XrVikkoavr6IU0/Ykm7MKt++bP2xar3lA962opQ0=",
        "last_login": null,
        "is_superuser": false,
        "username": "ilja2001",
        "first_name": "",
        "last_name": "",
        "email": "galaktion_1996@yahoo.com",
        "is_staff": false,
        "is_active": true,
        "date_joined": "2024-03-17T23:27:50.137Z",
        "groups": [],
        "user_permissions": []
    }
},
{
    "model": "auth.user",
    "pk": 39,
    "fields": {
        "password": "pbkdf2_sha256$600000$VSYkgFqQ3SkU2sgyRAGInz$gm9ceiAa76pv3O+kl69T5bQpYxgfODfZ6gTXtb5cEa4=",
        "last_login": null,
        "is_superuser": false,
        "username": "ustin_86",
        "first_name": "",
        "last_name": "",
        "email": "ljubim1982@rambler.ru",
        "is_staff": false,
        "is_active": true,
        "date_joined": "2024-03-17T23:27:50.500Z",
        "groups": [],
        "user_permissions": []
    }
},
{
    "model": "auth.user",
    "pk": 40,
    "fields": {
        "password": "pbkdf2_sha256$600000$Jvk9ysryBiPNeoC219IrN3$U5hTPnKPeCAlctDpxfwMNcBuxwXDa7W2813XZNVbfIs=",
        "last_login": null,
        "is_superuser": false,
        "username": "varlaam_71",
        "first_name": "",
        "last_name": "",
        "email": "ratibor_1971@rambler.ru",
        "is_staff": false,
        "is_active": true,
        "date_joined": "2024-03-17T23:27:50.856Z",
        "groups": [],
        "user_permissions": []
    }
},
{
    "model": "auth.user",
    "pk": 41,
    "fields": {
        "password": "pbkdf2_sha256$600000$MIiDXYtGJJDRp65bumYbjg$gSXvLpOM58mfMvebvVQZtIyu96DHamLF3umTGdb4chE=",
        "last_login": null,
        "is_superuser": false,
        "username": "frolovkonstantin",
        "first_name": "",
        "last_name": "",
        "email": "budimirkudrjashov@gmail.com",
        "is_staff": false,
        "is_active": true,
        "date_joined": "2024-03-17T23:27:51.212Z",
        "groups": [],
        "user_permissions": []
    }
},
{
    "model": "contenttypes.contenttype",
    "pk": 1,
    "fields": {
        "app_label": "admin",
        "model": "logentry"
    }
},
{
    "model": "contenttypes.contenttype",
    "pk": 2,
    "fields": {
        "app_label": "auth",
        "model": "permission"
    }
},
{
    "model": "contenttypes.contenttype",
    "pk": 3,
    "fields": {
        "app_label": "auth",
        "model": "group"
    }
},
{
    "model": "contenttypes.contenttype",
    "pk": 4,
    "fields": {
        "app_label": "auth",
        "model": "user"
    }
},
{
    "model": "contenttypes.contenttype",
    "pk": 5,
    "fields": {
        "app_label": "contenttypes",
        "model": "contenttype"
    }
},
{
    "model": "contenttypes.contenttype",
    "pk": 6,
    "fields": {
        "app_label": "sessions",
        "model": "session"
    }
},
{
    "model": "contenttypes.contenttype",
    "pk": 7,
    "fields": {
        "app_label": "app",
        "model": "authorprofile"
    }
},
{
    "model": "contenttypes.contenttype",
    "pk": 8,
    "fields": {
        "app_label": "app",
        "model": "blog"
    }
},
{
    "model": "contenttypes.contenttype",
    "pk": 9,
    "fields": {
        "app_label": "app",
        "model": "tag"
    }
},
{
    "model": "contenttypes.contenttype",
    "pk": 10,
    "fields": {
        "app_label": "app",
        "model": "userprofile"
    }
},
{
    "model": "contenttypes.contenttype",
    "pk": 11,
    "fields": {
        "app_label": "app",
        "model": "entry"
    }
},
{
    "model": "contenttypes.contenttype",
    "pk": 12,
    "fields": {
        "app_label": "app",
        "model": "comment"
    }
},
{
    "model": "app.blog",
    "pk": 1,
    "fields": {
        "name": "Путешествия по миру",
        "slug_name": "puteshestviya-po-miru",
        "headline": "Откройте новые горизонты и погрузитесь в удивительные приключения вместе с нами!",
        "description": null,
        "created_at": "2024-03-17T23:27:51.667Z",
        "updated_at": "2024-03-17T23:27:51.667Z"
    }
},
{
    "model": "app.blog",
    "pk": 2,
    "fields": {
        "name": "Кулинарные искушения",
        "slug_name": "kulinarnye-iskusheniya",
        "headline": "Раскройте вкусовые грани и наслаждайтесь миром кулинарии вместе с нами!",
        "description": null,
        "created_at": "2024-03-17T23:27:51.670Z",
        "updated_at": "2024-03-17T23:27:51.670Z"
    }
},
{
    "model": "app.blog",
    "pk": 3,
    "fields": {
        "name": "Фитнес и здоровый образ жизни",
        "slug_name": "fitnes-i-zdorovyj-obraz-zhizni",
        "headline": "Позаботьтесь о своем здоровье, достигните физической формы и ощутите преимущества активного образа жизни!",
        "description": null,
        "created_at": "2024-03-17T23:27:51.673Z",
        "updated_at": "2024-03-17T23:27:51.673Z"
    }
},
{
    "model": "app.blog",
    "pk": 4,
    "fields": {
        "name": "ИТ-новости и технологии",
        "slug_name": "it-novosti-i-tekhnologii",
        "headline": "Будьте в курсе последних новостей, трендов и инноваций в мире информационных технологий!",
        "description": null,
        "created_at": "2024-03-17T23:27:51.676Z",
        "updated_at": "2024-03-17T23:27:51.676Z"
    }
},
{
    "model": "app.blog",
    "pk": 5,
    "fields": {
        "name": "Мода и стиль",
        "slug_name": "moda-i-stil",
        "headline": "Выражайте свою индивидуальность, следите за модными тенденциями и создавайте неповторимые образы вместе с нами!",
        "description": null,
        "created_at": "2024-03-17T23:27:51.679Z",
        "updated_at": "2024-03-17T23:27:51.679Z"
    }
},
{
    "model": "app.userprofile",
    "pk": 1,
    "fields": {
        "user": 1,
        "avatar": "avatars/unnamed.png",
        "phone_number": null,
        "city": null,
        "created_at": "2024-03-17T23:27:51.736Z",
        "updated_at": "2024-03-17T23:27:51.736Z"
    }
},
{
    "model": "app.userprofile",
    "pk": 2,
    "fields": {
        "user": 7,
        "avatar": "avatars/1.jpg",
        "phone_number": null,
        "city": "Москва",
        "created_at": "2024-03-17T23:27:51.750Z",
        "updated_at": "2024-03-17T23:27:51.756Z"
    }
},
{
    "model": "app.userprofile",
    "pk": 3,
    "fields": {
        "user": 8,
        "avatar": "avatars/unnamed.png",
        "phone_number": "+79523842943",
        "city": "Екатеринбург",
        "created_at": "2024-03-17T23:27:51.762Z",
        "updated_at": "2024-03-17T23:27:51.762Z"
    }
},
{
    "model": "app.userprofile",
    "pk": 4,
    "fields": {
        "user": 9,
        "avatar": "avatars/2.jpg",
        "phone_number": "+79993854785",
        "city": "Нижний Новгород",
        "created_at": "2024-03-17T23:27:51.769Z",
        "updated_at": "2024-03-17T23:27:51.774Z"
    }
},
{
    "model": "app.userprofile",
    "pk": 5,
    "fields": {
        "user": 10,
        "avatar": "avatars/unnamed.png",
        "phone_number": null,
        "city": null,
        "created_at": "2024-03-17T23:27:51.779Z",
        "updated_at": "2024-03-17T23:27:51.779Z"
    }
},
{
    "model": "app.userprofile",
    "pk": 6,
    "fields": {
        "user": 11,
        "avatar": "avatars/3.jpg",
        "phone_number": "+79500535005",
        "city": "Санкт-Петербург",
        "created_at": "2024-03-17T23:27:51.786Z",
        "updated_at": "2024-03-17T23:27:51.791Z"
    }
},
{
    "model": "app.userprofile",
    "pk": 7,
    "fields": {
        "user": 12,
        "avatar": "avatars/4.png",
        "phone_number": "+79328949823",
        "city": "Казань",
        "created_at": "2024-03-17T23:27:51.796Z",
        "updated_at": "2024-03-17T23:27:51.802Z"
    }
},
{
    "model": "app.userprofile",
    "pk": 8,
    "fields": {
        "user": 13,
        "avatar": "avatars/5.jpg",
        "phone_number": "+79853759733",
        "city": "Самара",
        "created_at": "2024-03-17T23:27:51.825Z",
        "updated_at": "2024-03-17T23:27:51.831Z"
    }
},
{
    "model": "app.userprofile",
    "pk": 9,
    "fields": {
        "user": 14,
        "avatar": "avatars/4_TJJXKjn.png",
        "phone_number": null,
        "city": null,
        "created_at": "2024-03-17T23:27:51.836Z",
        "updated_at": "2024-03-17T23:27:51.841Z"
    }
},
{
    "model": "app.userprofile",
    "pk": 10,
    "fields": {
        "user": 15,
        "avatar": "avatars/6.jpg",
        "phone_number": "+79993249574",
        "city": "Санкт-Петербург",
        "created_at": "2024-03-17T23:27:51.864Z",
        "updated_at": "2024-03-17T23:27:51.870Z"
    }
},
{
    "model": "app.userprofile",
    "pk": 11,
    "fields": {
        "user": 16,
        "avatar": "avatars/unnamed.png",
        "phone_number": "+79457344794",
        "city": "Москва",
        "created_at": "2024-03-17T23:27:51.875Z",
        "updated_at": "2024-03-17T23:27:51.875Z"
    }
},
{
    "model": "app.userprofile",
    "pk": 12,
    "fields": {
        "user": 17,
        "avatar": "avatars/unnamed.png",
        "phone_number": null,
        "city": null,
        "created_at": "2024-03-17T23:27:51.881Z",
        "updated_at": "2024-03-17T23:27:51.881Z"
    }
},
{
    "model": "app.userprofile",
    "pk": 13,
    "fields": {
        "user": 18,
        "avatar": "avatars/7.jpg",
        "phone_number": "+79009009090",
        "city": "Санкт-Петербург",
        "created_at": "2024-03-17T23:27:51.888Z",
        "updated_at": "2024-03-17T23:27:51.894Z"
    }
},
{
    "model": "app.userprofile",
    "pk": 14,
    "fields": {
        "user": 19,
        "avatar": "avatars/8.jpg",
        "phone_number": "+79696502575",
        "city": "Москва",
        "created_at": "2024-03-17T23:27:51.898Z",
        "updated_at": "2024-03-17T23:27:51.904Z"
    }
},
{
    "model": "app.userprofile",
    "pk": 15,
    "fields": {
        "user": 20,
        "avatar": "avatars/unnamed.png",
        "phone_number": null,
        "city": "Владивосток",
        "created_at": "2024-03-17T23:27:51.909Z",
        "updated_at": "2024-03-17T23:27:51.909Z"
    }
},
{
    "model": "app.userprofile",
    "pk": 16,
    "fields": {
        "user": 21,
        "avatar": "avatars/unnamed.png",
        "phone_number": null,
        "city": null,
        "created_at": "2024-03-17T23:27:51.914Z",
        "updated_at": "2024-03-17T23:27:51.914Z"
    }
},
{
    "model": "app.userprofile",
    "pk": 17,
    "fields": {
        "user": 22,
        "avatar": "avatars/9.jpg",
        "phone_number": "+79158765678",
        "city": "Казань",
        "created_at": "2024-03-17T23:27:51.921Z",
        "updated_at": "2024-03-17T23:27:51.927Z"
    }
},
{
    "model": "app.userprofile",
    "pk": 18,
    "fields": {
        "user": 23,
        "avatar": "avatars/unnamed.png",
        "phone_number": null,
        "city": null,
        "created_at": "2024-03-17T23:27:51.931Z",
        "updated_at": "2024-03-17T23:27:51.931Z"
    }
},
{
    "model": "app.userprofile",
    "pk": 19,
    "fields": {
        "user": 24,
        "avatar": "avatars/unnamed.png",
        "phone_number": "+79258659900",
        "city": "Ростов-на-Дону",
        "created_at": "2024-03-17T23:27:51.937Z",
        "updated_at": "2024-03-17T23:27:51.937Z"
    }
},
{
    "model": "app.userprofile",
    "pk": 20,
    "fields": {
        "user": 25,
        "avatar": "avatars/unnamed.png",
        "phone_number": null,
        "city": null,
        "created_at": "2024-03-17T23:27:51.944Z",
        "updated_at": "2024-03-17T23:27:51.944Z"
    }
},
{
    "model": "app.userprofile",
    "pk": 21,
    "fields": {
        "user": 26,
        "avatar": "avatars/unnamed.png",
        "phone_number": null,
        "city": "Красноярск",
        "created_at": "2024-03-17T23:27:51.950Z",
        "updated_at": "2024-03-17T23:27:51.950Z"
    }
},
{
    "model": "app.userprofile",
    "pk": 22,
    "fields": {
        "user": 27,
        "avatar": "avatars/unnamed.png",
        "phone_number": null,
        "city": null,
        "created_at": "2024-03-17T23:27:51.957Z",
        "updated_at": "2024-03-17T23:27:51.957Z"
    }
},
{
    "model": "app.userprofile",
    "pk": 23,
    "fields": {
        "user": 28,
        "avatar": "avatars/unnamed.png",
        "phone_number": null,
        "city": null,
        "created_at": "2024-03-17T23:27:51.963Z",
        "updated_at": "2024-03-17T23:27:51.963Z"
    }
},
{
    "model": "app.userprofile",
    "pk": 24,
    "fields": {
        "user": 29,
        "avatar": "avatars/unnamed.png",
        "phone_number": null,
        "city": null,
        "created_at": "2024-03-17T23:27:51.969Z",
        "updated_at": "2024-03-17T23:27:51.969Z"
    }
},
{
    "model": "app.userprofile",
    "pk": 25,
    "fields": {
        "user": 30,
        "avatar": "avatars/unnamed.png",
        "phone_number": null,
        "city": null,
        "created_at": "2024-03-17T23:27:51.976Z",
        "updated_at": "2024-03-17T23:27:51.976Z"
    }
},
{
    "model": "app.userprofile",
    "pk": 26,
    "fields": {
        "user": 31,
        "avatar": "avatars/unnamed.png",
        "phone_number": null,
        "city": null,
        "created_at": "2024-03-17T23:27:51.982Z",
        "updated_at": "2024-03-17T23:27:51.982Z"
    }
},
{
    "model": "app.userprofile",
    "pk": 27,
    "fields": {
        "user": 32,
        "avatar": "avatars/unnamed.png",
        "phone_number": null,
        "city": null,
        "created_at": "2024-03-17T23:27:51.988Z",
        "updated_at": "2024-03-17T23:27:51.988Z"
    }
},
{
    "model": "app.userprofile",
    "pk": 28,
    "fields": {
        "user": 33,
        "avatar": "avatars/unnamed.png",
        "phone_number": null,
        "city": null,
        "created_at": "2024-03-17T23:27:51.994Z",
        "updated_at": "2024-03-17T23:27:51.994Z"
    }
},
{
    "model": "app.userprofile",
    "pk": 29,
    "fields": {
        "user": 34,
        "avatar": "avatars/unnamed.png",
        "phone_number": null,
        "city": null,
        "created_at": "2024-03-17T23:27:52.000Z",
        "updated_at": "2024-03-17T23:27:52.000Z"
    }
},
{
    "model": "app.userprofile",
    "pk": 30,
    "fields": {
        "user": 35,
        "avatar": "avatars/unnamed.png",
        "phone_number": null,
        "city": null,
        "created_at": "2024-03-17T23:27:52.007Z",
        "updated_at": "2024-03-17T23:27:52.007Z"
    }
},
{
    "model": "app.userprofile",
    "pk": 31,
    "fields": {
        "user": 36,
        "avatar": "avatars/unnamed.png",
        "phone_number": null,
        "city": null,
        "created_at": "2024-03-17T23:27:52.013Z",
        "updated_at": "2024-03-17T23:27:52.013Z"
    }
},
{
    "model": "app.userprofile",
    "pk": 32,
    "fields": {
        "user": 37,
        "avatar": "avatars/unnamed.png",
        "phone_number": null,
        "city": null,
        "created_at": "2024-03-17T23:27:52.019Z",
        "updated_at": "2024-03-17T23:27:52.019Z"
    }
},
{
    "model": "app.userprofile",
    "pk": 33,
    "fields": {
        "user": 38,
        "avatar": "avatars/unnamed.png",
        "phone_number": null,
        "city": null,
        "created_at": "2024-03-17T23:27:52.025Z",
        "updated_at": "2024-03-17T23:27:52.025Z"
    }
},
{
    "model": "app.userprofile",
    "pk": 34,
    "fields": {
        "user": 39,
        "avatar": "avatars/unnamed.png",
        "phone_number": null,
        "city": null,
        "created_at": "2024-03-17T23:27:52.032Z",
        "updated_at": "2024-03-17T23:27:52.032Z"
    }
},
{
    "model": "app.userprofile",
    "pk": 35,
    "fields": {
        "user": 40,
        "avatar": "avatars/unnamed.png",
        "phone_number": null,
        "city": null,
        "created_at": "2024-03-17T23:27:52.038Z",
        "updated_at": "2024-03-17T23:27:52.038Z"
    }
},
{
    "model": "app.authorprofile",
    "pk": 1,
    "fields": {
        "user": 1,
        "bio": "Я администратор.",
        "created_at": "2024-03-17T23:27:51.689Z",
        "updated_at": "2024-03-17T23:27:51.689Z"
    }
},
{
    "model": "app.authorprofile",
    "pk": 2,
    "fields": {
        "user": 7,
        "bio": "Стремлюсь к тому, чтобы делиться своими знаниями и вдохновлять других.",
        "created_at": "2024-03-17T23:27:51.689Z",
        "updated_at": "2024-03-17T23:27:51.689Z"
    }
},
{
    "model": "app.authorprofile",
    "pk": 3,
    "fields": {
        "user": 8,
        "bio": "Исследую мир через слова и пишу о том, что меня вдохновляет.",
        "created_at": "2024-03-17T23:27:51.689Z",
        "updated_at": "2024-03-17T23:27:51.689Z"
    }
},
{
    "model": "app.authorprofile",
    "pk": 4,
    "fields": {
        "user": 9,
        "bio": "В поисках новых историй и приключений. Рад поделиться своими мыслями и идеями.",
        "created_at": "2024-03-17T23:27:51.689Z",
        "updated_at": "2024-03-17T23:27:51.689Z"
    }
},
{
    "model": "app.authorprofile",
    "pk": 5,
    "fields": {
        "user": 10,
        "bio": null,
        "created_at": "2024-03-17T23:27:51.689Z",
        "updated_at": "2024-03-17T23:27:51.689Z"
    }
},
{
    "model": "app.authorprofile",
    "pk": 6,
    "fields": {
        "user": 11,
        "bio": "Люблю погружаться в мир слов и раскрывать их магию через свои произведения.",
        "created_at": "2024-03-17T23:27:51.689Z",
        "updated_at": "2024-03-17T23:27:51.689Z"
    }
},
{
    "model": "app.authorprofile",
    "pk": 7,
    "fields": {
        "user": 12,
        "bio": "Размышляю о жизни и передаю свои мысли через письменное слово.",
        "created_at": "2024-03-17T23:27:51.689Z",
        "updated_at": "2024-03-17T23:27:51.690Z"
    }
},
{
    "model": "app.authorprofile",
    "pk": 8,
    "fields": {
        "user": 13,
        "bio": "Вдохновение находится в малых деталях, и я стараюсь их передать через свои тексты.",
        "created_at": "2024-03-17T23:27:51.690Z",
        "updated_at": "2024-03-17T23:27:51.690Z"
    }
},
{
    "model": "app.authorprofile",
    "pk": 9,
    "fields": {
        "user": 14,
        "bio": null,
        "created_at": "2024-03-17T23:27:51.690Z",
        "updated_at": "2024-03-17T23:27:51.690Z"
    }
},
{
    "model": "app.authorprofile",
    "pk": 10,
    "fields": {
        "user": 15,
        "bio": "Погружаюсь в разные темы и делюсь своими увлечениями с читателями.",
        "created_at": "2024-03-17T23:27:51.690Z",
        "updated_at": "2024-03-17T23:27:51.690Z"
    }
},
{
    "model": "app.authorprofile",
    "pk": 11,
    "fields": {
        "user": 16,
        "bio": "Чувствую, что слова имеют силу изменить мир, поэтому я пишу.",
        "created_at": "2024-03-17T23:27:51.695Z",
        "updated_at": "2024-03-17T23:27:51.695Z"
    }
},
{
    "model": "app.authorprofile",
    "pk": 12,
    "fields": {
        "user": 17,
        "bio": "Захватываю воображение и вношу каплю вдохновения в каждое свое произведение.",
        "created_at": "2024-03-17T23:27:51.731Z",
        "updated_at": "2024-03-17T23:27:51.731Z"
    }
},
{
    "model": "app.authorprofile",
    "pk": 13,
    "fields": {
        "user": 18,
        "bio": "Мои истории - это отражение моего внутреннего мира и наблюдений о внешнем.",
        "created_at": "2024-03-17T23:27:51.731Z",
        "updated_at": "2024-03-17T23:27:51.731Z"
    }
},
{
    "model": "app.authorprofile",
    "pk": 14,
    "fields": {
        "user": 19,
        "bio": "Исследую разнообразие жизни и выражаю свои мысли через письменное искусство.",
        "created_at": "2024-03-17T23:27:51.731Z",
        "updated_at": "2024-03-17T23:27:51.731Z"
    }
},
{
    "model": "app.authorprofile",
    "pk": 15,
    "fields": {
        "user": 20,
        "bio": null,
        "created_at": "2024-03-17T23:27:51.731Z",
        "updated_at": "2024-03-17T23:27:51.731Z"
    }
},
{
    "model": "app.authorprofile",
    "pk": 16,
    "fields": {
        "user": 21,
        "bio": null,
        "created_at": "2024-03-17T23:27:51.731Z",
        "updated_at": "2024-03-17T23:27:51.731Z"
    }
},
{
    "model": "app.authorprofile",
    "pk": 17,
    "fields": {
        "user": 22,
        "bio": "Пытаюсь поймать красоту мира и передать ее через мои слова.",
        "created_at": "2024-03-17T23:27:51.731Z",
        "updated_at": "2024-03-17T23:27:51.732Z"
    }
},
{
    "model": "app.authorprofile",
    "pk": 18,
    "fields": {
        "user": 23,
        "bio": "Слова - это кисть, которой я создаю картины своих идей и эмоций.",
        "created_at": "2024-03-17T23:27:51.732Z",
        "updated_at": "2024-03-17T23:27:51.732Z"
    }
},
{
    "model": "app.authorprofile",
    "pk": 19,
    "fields": {
        "user": 24,
        "bio": "Слова - это инструмент, с помощью которого я строю свой мир и делюсь им с другими.",
        "created_at": "2024-03-17T23:27:51.732Z",
        "updated_at": "2024-03-17T23:27:51.732Z"
    }
},
{
    "model": "app.authorprofile",
    "pk": 20,
    "fields": {
        "user": 25,
        "bio": null,
        "created_at": "2024-03-17T23:27:51.732Z",
        "updated_at": "2024-03-17T23:27:51.732Z"
    }
},
{
    "model": "app.authorprofile",
    "pk": 21,
    "fields": {
        "user": 26,
        "bio": null,
        "created_at": "2024-03-17T23:27:51.732Z",
        "updated_at": "2024-03-17T23:27:51.732Z"
    }
},
{
    "model": "app.entry",
    "pk": 1,
    "fields": {
        "blog": 1,
        "headline": "Изучение красот Мачу-Пикчу",
        "slug_headline": "izuchenie-krasot-machu-pikchu",
        "summary": "Древний город Мачу-Пикчу, скрытый среди гор Анд, привлекает \nпутешественников со всего мира своей уникальной красотой и загадочностью. \nИзучение этого археологического чуда предлагает нам уникальную возможность \nпогрузиться в инковскую культуру и исследовать их удивительные инженерные \nдостижения. Путешественники могут отправиться на треккинговый маршрут, \nподняться на вершину Хуайна Пикчу и насладиться потрясающим видом на \nдревний город. Изучение Мачу-Пикчу - это не только путешествие во времени, \nно и возможность узнать больше о древних цивилизациях и их наследии.",
        "body_text": "<p>Скрытый среди гор Анд, древний город Мачу-Пикчу привлекает путешественников со всего мира \n     своей уникальной красотой и загадочностью. Это место, словно затерянное во времени, оставляет неизгладимое \n     впечатление своей атмосферой и историей.</p>\n     \n    <p>Изучение этого археологического чуда предоставляет нам уникальную возможность погрузиться в инковскую культуру \n    и исследовать их удивительные инженерные достижения. Здесь, среди древних камней и храмов, можно ощутить величие \n    и мастерство инков, которые создали этот удивительный город.</p>\n    \n    <p>Путешественники, решившие отправиться на треккинговый маршрут, встречают невероятные приключения, преодолевая \n    горные тропы и взбираясь на вершину Хуайна Пикчу. Там, на высоте, открывается потрясающий вид на древний город, \n    который оставляет в памяти незабываемые воспоминания.</p>\n    \n    <p>Мачу-Пикчу - это не только путешествие во времени, но и возможность узнать больше о древних цивилизациях и их \n    наследии. Это место наполняет нас вдохновением и уважением к инкам, оставившим свой след в истории.</p>\n    \n    <p><strong>В заключении,</strong> Мачу-Пикчу - это исторический кладезь, который привлекает путешественников \n    своей уникальной атмосферой и историческим значением. Посещение этого древнего города становится настоящим \n    путешествием в прошлое и позволяет нам прикоснуться к великой инковской культуре.</p>",
        "image": "image_entry/1.jpg",
        "pub_date": "2022-04-01T21:00:00Z",
        "status": "published",
        "mod_date": "2024-03-18",
        "number_of_comments": 2,
        "number_of_pingbacks": 10,
        "rating": 0.0,
        "authors": [
            2,
            17
        ],
        "tags": [
            1,
            21
        ]
    }
},
{
    "model": "app.entry",
    "pk": 2,
    "fields": {
        "blog": 1,
        "headline": "Приключения в Амазонке",
        "slug_headline": "priklyucheniya-v-amazonke",
        "summary": "Амазонка - это не просто река, это целый мир приключений \nи загадок. Встреча с дикой природой Амазонки позволит вам увидеть \nуникальную биоразнообразие и ощутить мощь естественной силы. Прогулка на \nканоэ по реке, ночные походы в джунгли, наблюдение за экзотическими \nживотными и птицами - все это ожидает вас в Амазонке. Погрузитесь в \nзеленый мир самой большой тропической джунгли на Земле и откройте для \nсебя удивительные приключения, которые запомнятся на всю жизнь.",
        "body_text": "<p>Амазонка - это не просто река, это целый мир приключений и загадок. Это место, где дикая \n     природа расцветает во всей своей красе, где каждый уголок природы кажется настоящим чудом. Она привлекает тех, \n     кто ищет уникальное биоразнообразие и стремится ощутить мощь естественных сил.</p>\n     \n     <p>Прогулка на каноэ по \n     Амазонке - это возможность окунуться в сердце этой дикой реки и исследовать ее водные пути. Ночные походы в \n     глубины джунглей позволяют наблюдать за жизнью, которая просыпается после заката солнца, а встречи с \n     экзотическими животными и птицами станут незабываемым опытом для любителей природы.</p> \n     \n     <p>Амазонка - это \n     зеленый мир самой большой тропической джунгли на Земле. Здесь каждый шаг приводит к новому открытию, \n     каждый взгляд на природу наполняет чувства удивлением и благоговением перед этой удивительной планетой. Это \n     место, где приключения исходят из самой природы.</p> \n     \n     <p><strong>В заключении,</strong> Амазонка - это не просто \n     место на карте, это мир приключений, который запомнится вам на всю жизнь. Погрузитесь в этот удивительный мир и \n     откройте для себя его богатства и загадки, которые будут вас вдохновлять и восхищать.</p>",
        "image": "image_entry/2.jpg",
        "pub_date": "2022-08-01T21:00:00Z",
        "status": "published",
        "mod_date": "2024-03-18",
        "number_of_comments": 14,
        "number_of_pingbacks": 30,
        "rating": 5.0,
        "authors": [
            4
        ],
        "tags": [
            1,
            21
        ]
    }
},
{
    "model": "app.entry",
    "pk": 3,
    "fields": {
        "blog": 1,
        "headline": "Знакомство с Парижем",
        "slug_headline": "znakomstvo-s-parizhem",
        "summary": "Париж - город любви, искусства и изысканности. \nЗнакомство с Парижем - это погружение в его узкие улочки, исторические \nдостопримечательности и культурную сцену. Прогулка по набережной Сены, \nпосещение Эйфелевой башни, музея Лувр и собора Парижской Богоматери - \nэто всего лишь некоторые из знаковых мест, которые стоит посетить. \nПарижские кафе, булочные и рестораны предлагают богатство французской \nкухни и возможность насладиться неповторимой атмосферой этого \nудивительного города.",
        "body_text": "<p>Париж - город, который сразу же ассоциируется с любовью, искусством и изысканностью. \n     Знакомство с Парижем - это непередаваемый опыт, который погружает вас в атмосферу его узких улочек, исторических \n     достопримечательностей и бесконечных возможностей для культурного обогащения.</p>\n     \n    <p>Прогулка по набережной Сены становится увлекательным путешествием вдоль этой живописной реки, предоставляя \n    возможность насладиться видами на знаменитые мосты и набережные кафе. Посещение Эйфелевой башни, музея Лувр и \n    собора Парижской Богоматери - это всего лишь некоторые из знаковых мест, которые стоит обязательно посетить в \n    этом городе искусства.</p>\n    \n    <p>Но Париж - это не только музеи и исторические памятники. Этот город также славится своими кафе, булочными и \n    ресторанами, предлагающими богатство французской кухни. Здесь вы можете насладиться великолепными блюдами, \n    от классического круассана до изысканных блюд в ресторанах с мишленовскими звездами.</p>\n    \n    <p><strong>В заключении,</strong> Париж - это город, который оставляет незабываемые воспоминания и вдохновляет \n    своей красотой и культурным наследием. Здесь вы можете пережить волшебство любви и искусства, и каждая поездка в \n    этот город становится приключением, которое будет дорогим вам на всю жизнь.</p>",
        "image": "image_entry/3.jpg",
        "pub_date": "2022-06-01T21:00:00Z",
        "status": "published",
        "mod_date": "2024-03-18",
        "number_of_comments": 7,
        "number_of_pingbacks": 5,
        "rating": 4.7,
        "authors": [
            2,
            3,
            4
        ],
        "tags": [
            1
        ]
    }
},
{
    "model": "app.entry",
    "pk": 4,
    "fields": {
        "blog": 1,
        "headline": "Открывая тайны Колизея",
        "slug_headline": "otkryvaya-tajny-kolizeya",
        "summary": "Колизей - величественная арена, свидетель исторических \nсражений и развлечений древнего Рима. Откройте для себя его тайны и \nузнайте больше о жизни в античной Римской империи. Исследуйте \nархитектурные детали, узнайте о роли Колизея в культуре и развлечениях \nдревних римлян. Посетите музей, расположенный внутри Колизея, где вы \nсможете увидеть артефакты, связанные с его историей. Путешествие во \nвремени через посещение Колизея откроет перед вами удивительный мир \nдревнего Рима.",
        "body_text": "<p>Колизей - это не просто величественная арена, это место, где заключены исторические сражения \n     и развлечения древнего Рима. Посещение этой арены предоставляет вам уникальную возможность открыть для себя его \n     тайны и узнать больше о жизни в античной Римской империи.</p>\n     \n    <p>Исследование Колизея позволяет вам рассмотреть архитектурные детали, которые олицетворяют величие римского \n    строительства. Здесь вы узнаете о роли, которую Колизей играл в культуре и развлечениях древних римлян. Эта арена \n    была местом грандиозных спектаклей и гладиаторских боев, оставивших незабываемый след в истории.</p>\n    \n    <p>Посещение музея, расположенного внутри Колизея, становится настоящим временным путешествием. Здесь вы сможете \n    увидеть артефакты, связанные с историей этой великой арены, и погрузитесь в мир древнего Рима через предметы и \n    экспонаты, которые рассказывают о его прошлом.</p>\n    \n    <p><strong>В заключении,</strong> путешествие во времени через посещение Колизея откроет перед вами удивительный \n    мир древнего Рима. Это место, где история становится живой, и каждый его камень кажется рассказывающим о прошлом. \n    Посетите Колизей и станьте частью великой римской истории.</p> </body>",
        "image": "image_entry/4.jpg",
        "pub_date": "2022-09-01T21:00:00Z",
        "status": "published",
        "mod_date": "2024-03-18",
        "number_of_comments": 2,
        "number_of_pingbacks": 5,
        "rating": 3.3,
        "authors": [
            8,
            13
        ],
        "tags": [
            1,
            20
        ]
    }
},
{
    "model": "app.entry",
    "pk": 5,
    "fields": {
        "blog": 1,
        "headline": "Оазисы Сахары: красота и опасность",
        "slug_headline": "oazisy-sahary-krasota-i-opasnost",
        "summary": "Сахара - самая большая пустыня на планете, и в ее сердце \nскрыты удивительные оазисы. Погрузитесь в суровую красоту Сахары и \nоткройте для себя места, где жизнь пробивает себе путь сквозь песчаные \nдюны. Оазисы предлагают прохладу, зелень и свежую воду в иссушающей \nпустыне. Однако, несмотря на красоту, Сахара также представляет \nопасность своими экстремальными температурами и отсутствием воды. \nПознакомьтесь с удивительным миром Сахары и увидьте, как природа \nадаптируется к таким непростым условиям жизни.",
        "body_text": "<p>Сахара - самая большая пустыня на планете, и она прячет в своих безжизненных просторах \n     удивительные оазисы. Путешествие в Сахару позволяет вам погрузиться в суровую красоту этой пустыни и открыть для \n     себя места, где жизнь находит свой путь среди бескрайних песчаных дюн.</p>\n\n    <p>Оазисы в сердце Сахары предлагают прохладу, зелень и, что немаловажно, свежую воду в иссушающей пустыне. Они \n    становятся оазисами жизни, куда собираются множество видов растений и животных, приспособившихся к экстремальным \n    условиям.</p>\n\n    <p>Однако, несмотря на свою непередаваемую красоту, Сахара также представляет опасность своими экстремальными \n    температурами и отсутствием воды. Путешественники, решившие исследовать этот регион, должны быть готовы к \n    тщательной подготовке и соблюдению мер предосторожности.</p>\n\n    <p><strong>В заключении,</strong> путешествие в Сахару - это погружение в удивительный мир, где природа \n    адаптируется к непростым условиям жизни. Эта пустыня ошеломляет своей красотой и непростой жизнью, и исследование \n    ее предлагает уникальный опыт встречи с природой в ее самых суровых проявлениях.</p> </body>",
        "image": "image_entry/5.jpg",
        "pub_date": "2023-04-01T00:00:00Z",
        "status": "published",
        "mod_date": "2024-03-18",
        "number_of_comments": 4,
        "number_of_pingbacks": 0,
        "rating": 3.4,
        "authors": [
            9,
            10,
            17
        ],
        "tags": [
            1,
            2
        ]
    }
},
{
    "model": "app.entry",
    "pk": 6,
    "fields": {
        "blog": 2,
        "headline": "Рецепты блюд из итальянской кухни",
        "slug_headline": "recepty-blyud-iz-italyanskoj-kuhni",
        "summary": "Итальянская кухня славится своим богатством вкусов и \nразнообразием блюд. В этой статье мы поделимся с вами несколькими \nклассическими рецептами, которые позволят вам окунуться в мир \nитальянской гастрономии. Вы узнаете, как приготовить настоящую пасту аль \nденте, как приготовить вкуснейшие пиццы с разнообразными начинками и как \nприготовить итальянские десерты, например, тирамису. Раскройте секреты \nитальянской кухни и порадуйте себя и своих близких аутентичными и \nвкусными блюдами.",
        "body_text": "<p>Итальянская кухня славится своим богатством вкусов и разнообразием блюд. В этой статье мы \n     поделимся с вами несколькими классическими рецептами, которые позволят вам окунуться в мир итальянской \n     гастрономии.</p>\n\n    <p>Первым шагом в приготовлении аутентичных итальянских блюд является научиться готовить настоящую пасту \"аль \n    денте\". Этот термин означает, что паста должна быть упругой и приятной на вкус, с небольшим остатком железистости \n    при жевании.</p>\n\n    <p>Далее, вы узнаете, как приготовить вкуснейшие пиццы с разнообразными начинками. Пицца - это не просто быстрый \n    ужин, это искусство! Мы расскажем вам о секретах приготовления тонкого хрустящего теста и идеальных сочетаниях \n    ингредиентов для начинки.</p>\n\n    <p>И, конечно, не забудем про итальянские десерты. Вы узнаете, как приготовить тирамису - сладкое и нежное блюдо, \n    которое завершит ваш обед или ужин с изыском.</p>\n\n    <p><strong>В заключении,</strong> раскройте секреты итальянской кухни и порадуйте себя и своих близких \n    аутентичными и вкусными блюдами. Итальянская кухня - это настоящее путешествие в мир вкуса и страсти к еде, \n    которое вы сможете повторить в своей собственной кухне.</p>",
        "image": "image_entry/6.jpg",
        "pub_date": "2023-01-01T00:00:00Z",
        "status": "published",
        "mod_date": "2024-03-18",
        "number_of_comments": 10,
        "number_of_pingbacks": 0,
        "rating": 3.5,
        "authors": [
            6,
            14
        ],
        "tags": [
            3
        ]
    }
},
{
    "model": "app.entry",
    "pk": 7,
    "fields": {
        "blog": 2,
        "headline": "Приготовление собственного хлеба",
        "slug_headline": "prigotovlenie-sobstvennogo-hleba",
        "summary": "Аромат свежеиспеченного хлеба заполняет дом и создает \nуютную атмосферу. В этой статье мы расскажем вам о процессе \nприготовления хлеба в домашних условиях. Вы узнаете, как подготовить \nтесто, как правильно расстойку и выпекать хлеб. Мы также поделимся с \nвами различными рецептами хлеба, от классического французского багета до \nароматного кукурузного хлеба. Приготовьте свой собственный хлеб и \nнаслаждайтесь его неповторимым вкусом и ароматом.",
        "body_text": "<p>Полный текст статьи.</p>",
        "image": "image_entry/7.jpg",
        "pub_date": "2023-08-01T00:00:00Z",
        "status": "published",
        "mod_date": "2024-03-18",
        "number_of_comments": 7,
        "number_of_pingbacks": 7,
        "rating": 2.3,
        "authors": [
            9
        ],
        "tags": [
            3
        ]
    }
},
{
    "model": "app.entry",
    "pk": 8,
    "fields": {
        "blog": 2,
        "headline": "Экзотические специи и их использование",
        "slug_headline": "ekzoticheskie-specii-i-ih-ispolzovanie",
        "summary": "Экзотические специи добавляют в блюда особый вкус и \nаромат. В этой статье мы представим вам несколько интересных \nэкзотических специй и расскажем, как их использовать в кулинарии. \nУзнайте о чили, корице, куркуме, кардамоне и других специях, которые \nпридают блюдам уникальные оттенки. Мы также поделимся с вами рецептами, \nв которых экзотические специи станут настоящими героями. Откройте новые \nгастрономические горизонты с помощью экзотических специй.",
        "body_text": "<p>Экзотические специи - это неотъемлемая часть многих кулинарных традиций по всему миру. Они \n     придают блюдам особый вкус и аромат, создавая уникальные оттенки в гастрономическом опыте. В этой статье мы \n     представим вам несколько интересных экзотических специй и расскажем, как их использовать в кулинарии.</p>\n\n    <p>Одной из самых популярных экзотических специй является чили. Его острая и пикантная природа делает его \n    идеальным для приготовления пикантных блюд, таких как мексиканская сальса или индийский карри.</p>\n\n    <p>Корица - это специя с богатой историей и сладким ароматом. Она часто используется в выпечке, горячих напитках \n    и десертах. Куркум - это ярко-желтая специя с острым вкусом, которая часто применяется в азиатской кулинарии, \n    особенно в блюдах с рисом и карри.</p>\n\n    <p>Кардамон - это специя с богатым ароматом и нотками цитрусовых. Она прекрасно сочетается с различными видами \n    чая и кофе. Мы также поделимся с вами рецептами, в которых экзотические специи станут настоящими героями, \n    придавая блюдам уникальные и незабываемые вкусы.</p>\n\n    <p><strong>В заключении,</strong> экзотические специи - это ключ к расширению вашего кулинарного опыта и открытию \n    новых гастрономических горизонтов. Используйте их с умом и творчеством, чтобы создавать блюда, которые будут \n    радовать вас и ваших близких.</p>",
        "image": "image_entry/8.jpg",
        "pub_date": "2022-12-01T00:00:00Z",
        "status": "published",
        "mod_date": "2024-03-18",
        "number_of_comments": 2,
        "number_of_pingbacks": 4,
        "rating": 4.2,
        "authors": [
            4,
            8
        ],
        "tags": [
            3
        ]
    }
},
{
    "model": "app.entry",
    "pk": 9,
    "fields": {
        "blog": 2,
        "headline": "Десерты для настоящих сладкоежек",
        "slug_headline": "deserty-dlya-nastoyashchih-sladkoezhek",
        "summary": "Нет ничего лучше, чем насладиться вкусным десертом после \nобеда или вечернего ужина. В этой статье мы представим вам несколько \nрецептов десертов, которые понравятся настоящим сладкоежкам. Вы узнаете, \nкак приготовить шоколадный торт, воздушные пирожные, фруктовые салаты и \nмногое другое. Мы также поделимся с вами советами по украшению десертов, \nчтобы они выглядели так же аппетитно, как и вкусны. Разбудите свою \nсладкую сторону и порадуйте себя и своих близких великолепными \nдесертами.",
        "body_text": "<p>Нет ничего лучше, чем завершить обед или вечерний ужин вкусным десертом. В этой статье мы \n     представим вам несколько невероятных рецептов десертов, которые точно понравятся настоящим сладкоежкам.</p>\n\n    <p>Первым в списке наших десертов является шоколадный торт. Этот нежный и насыщенный десерт покорит сердца всех \n    любителей шоколада. Мы расскажем вам о секретах его приготовления, чтобы каждый битый кусочек был настоящим \n    удовольствием.</p>\n\n    <p>Далее, вы узнаете, как приготовить воздушные пирожные, которые просто тают во рту. Эти маленькие сладости \n    можно украсить разнообразными начинками, чтобы они соответствовали вашему вкусу.</p>\n\n    <p>Не забудем и о здоровых вариантах десертов. Мы представим вам рецепты фруктовых салатов, которые насытят вас \n    витаминами и сделают десерт полезным и вкусным.</p>\n\n    <p><strong>В заключении,</strong> разбудите свою сладкую сторону и порадуйте себя и своих близких великолепными \n    десертами. Наши рецепты и советы по украшению помогут вам создать удивительные сладкие наслаждения, \n    которые поднимут настроение и сделают ваш обед или ужин особенными.</p>",
        "image": "image_entry/9.jpg",
        "pub_date": "2023-12-01T00:00:00Z",
        "status": "published",
        "mod_date": "2024-03-18",
        "number_of_comments": 4,
        "number_of_pingbacks": 9,
        "rating": 4.9,
        "authors": [
            4
        ],
        "tags": [
            3
        ]
    }
},
{
    "model": "app.entry",
    "pk": 10,
    "fields": {
        "blog": 2,
        "headline": "Гастрономическое путешествие по Франции",
        "slug_headline": "gastronomicheskoe-puteshestvie-po-francii",
        "summary": "Франция - страна, известная своей утонченной кухней и \nбогатством гастрономического наследия. В этой статье мы предлагаем вам \nотправиться в увлекательное гастрономическое путешествие по Франции. Вы \nузнаете о различных региональных блюдах, таких как рататуй из Ниццы, \nкрепкий сырный суфле из Савойи, нежное фуа-гра из Лангедока и многое \nдругое. Мы расскажем вам о французских винных регионах и предложим \nподборки местных вин, которые отлично сочетаются с блюдами. Погрузитесь \nво французскую гастрономию и насладитесь великолепными вкусами и \nароматами.",
        "body_text": "<p>Франция - это страна, известная своей утонченной кухней и богатством гастрономического \n     наследия. В этой статье мы предлагаем вам отправиться в увлекательное гастрономическое путешествие по Франции.</p>\n\n    <p>В разных регионах Франции существуют уникальные блюда, которые отражают местные традиции и ингредиенты. \n    Например, в Ницце вы можете попробовать рататуй - овощное блюдо, приготовленное из местных овощей и томатов.</p>\n\n    <p>В регионе Савойя известно своими крепкими сырами, и крепкий сырный суфле - это настоящая гастрономическая \n    находка. Оно сочетает в себе нежность и насыщенный вкус французских сыров.</p>\n\n    <p>Фуа-гра, деликатес из Лангедока, представляет собой нежную печень утки или гуся. Это блюдо часто считается \n    изысканной деликатесом и частью французской гастрономической традиции.</p>\n\n    <p>И, конечно, мы не можем обойти стороной французские вина. Франция известна своими винными регионами, \n    и мы предложим вам подборки местных вин, которые отлично сочетаются с блюдами Франции, создавая гармонию вкусов и \n    ароматов.</p>\n\n    <p><strong>В заключении,</strong> погрузитесь во французскую гастрономию и насладитесь великолепными вкусами и \n    ароматами. Французская кухня - это настоящее искусство, которое оставит незабываемые впечатления и запомнитесь \n    вам на всю жизнь.</p>",
        "image": "image_entry/10.jpg",
        "pub_date": "2023-01-01T00:00:00Z",
        "status": "published",
        "mod_date": "2024-03-18",
        "number_of_comments": 5,
        "number_of_pingbacks": 5,
        "rating": 4.8,
        "authors": [
            2,
            17
        ],
        "tags": [
            1,
            3
        ]
    }
},
{
    "model": "app.entry",
    "pk": 11,
    "fields": {
        "blog": 3,
        "headline": "Упражнения для поддержания физической формы",
        "slug_headline": "uprazhneniya-dlya-podderzhaniya-fizicheskoj-formy",
        "summary": "В этой статье мы представим вам набор упражнений, \nкоторые помогут поддерживать вашу физическую форму. Вы узнаете о \nразличных видах тренировок, включая кардио, силовые упражнения и \nгибкость. Мы также поделимся с вами советами по правильной технике \nвыполнения упражнений и расскажем о преимуществах регулярных \nтренировок.",
        "body_text": "<p>В этой статье мы представим вам набор упражнений, которые помогут поддерживать вашу \n     физическую форму. Регулярная тренировка - ключ к здоровью и благополучию.</p>\n\n    <p>Сначала мы рассмотрим кардио-тренировки, которые способствуют укреплению сердечно-сосудистой системы и \n    сжиганию лишних калорий. Бег, плавание, велосипед и ходьба - все это отличные способы улучшить вашу \n    выносливость.</p>\n\n    <p>Далее, вы узнаете о силовых тренировках, которые помогут вам развивать мышцы и укреплять костную ткань. \n    Поднимайте гантели, делайте отжимания и приседания, чтобы укрепить свое тело.</p>\n\n    <p>Гибкость также играет важную роль в общей физической форме. Растяжка и йога помогут вам сохранить гибкость \n    суставов и мышц, а также предотвратить травмы.</p>\n\n    <p><strong>В заключении,</strong> регулярные тренировки - это залог здоровья и активной жизни. Выбирайте виды \n    тренировок, которые вам нравятся, следуйте правильной технике, и вы ощутите преимущества тренировок в полной \n    мере.</p>",
        "image": "image_entry/11.jpg",
        "pub_date": "2023-10-01T00:00:00Z",
        "status": "published",
        "mod_date": "2024-03-18",
        "number_of_comments": 2,
        "number_of_pingbacks": 3,
        "rating": 5.0,
        "authors": [
            6
        ],
        "tags": [
            4,
            14
        ]
    }
},
{
    "model": "app.entry",
    "pk": 12,
    "fields": {
        "blog": 3,
        "headline": "Здоровое питание: полезные рецепты",
        "slug_headline": "zdorovoe-pitanie-poleznye-recepty",
        "summary": "В этой статье вы найдете полезные рецепты, которые \nпомогут вам поддерживать здоровое питание. Мы поделимся с вами идеями \nдля здоровых завтраков, обедов и ужинов, а также вкусными и полезными \nперекусами. Вы узнаете о важности баланса питательных веществ и получите \nрекомендации по выбору качественных продуктов.",
        "body_text": "<p>Полный текст статьи.</p>",
        "image": "image_entry/12.jpg",
        "pub_date": "2023-05-01T00:00:00Z",
        "status": "published",
        "mod_date": "2024-03-18",
        "number_of_comments": 7,
        "number_of_pingbacks": 20,
        "rating": 3.9,
        "authors": [
            4
        ],
        "tags": [
            14,
            15
        ]
    }
},
{
    "model": "app.entry",
    "pk": 13,
    "fields": {
        "blog": 3,
        "headline": "Топ-10 фитнес-тренеров для вдохновения",
        "slug_headline": "top-10-fitnes-trenerov-dlya-vdohnoveniya",
        "summary": "В этой статье мы представим вам десять вдохновляющих \nфитнес-тренеров, которые помогут вам достичь ваших фитнес-целей. Мы \nрасскажем вам о их достижениях, тренировочных программах и философии \nздорового образа жизни. Вы сможете найти тренера, который соответствует \nвашим потребностям и станет вашим источником мотивации.",
        "body_text": "<p>В этой статье мы представим вам десять вдохновляющих фитнес-тренеров, которые помогут вам \n     достичь ваших фитнес-целей. Узнайте больше о профессионалах, готовых поделиться своими знаниями и опытом.</p>\n\n    <p>Каждый из этих тренеров имеет внушительный опыт и заслуженную репутацию в мире фитнеса. Они разработали \n    эффективные тренировочные программы, которые подходят для разных уровней подготовки и целей.</p>\n\n    <p>Но фитнес - это не только физические упражнения. Эти тренеры также поделятся своей философией здорового образа \n    жизни, включая питание и психологическую составляющую.</p>\n\n    <p>Выберите тренера, который соответствует вашим потребностям и станет вашим источником мотивации. Независимо от \n    того, хотите ли вы улучшить физическую форму, набрать мышечную массу или просто поддерживать здоровый образ \n    жизни, у наших тренеров есть что предложить.</p>\n\n    <p><strong>В заключении,</strong> вдохновитесь и начните свой путь к здоровью и фитнесу вместе с этими \n    талантливыми тренерами. Они помогут вам достичь ваших целей и подарят вам здоровый образ жизни.</p>",
        "image": "image_entry/13.jpg",
        "pub_date": "2024-01-01T00:00:00Z",
        "status": "published",
        "mod_date": "2024-03-18",
        "number_of_comments": 1,
        "number_of_pingbacks": 4,
        "rating": 2.9,
        "authors": [
            8
        ],
        "tags": [
            4
        ]
    }
},
{
    "model": "app.entry",
    "pk": 14,
    "fields": {
        "blog": 3,
        "headline": "Как правильно заниматься йогой",
        "slug_headline": "kak-pravilno-zanimatsya-jogoj",
        "summary": "В этой статье мы расскажем вам о правильном подходе к \nзанятиям йогой. Вы узнаете о различных стилях йоги, основных асанах и \nдыхательных упражнениях. Мы также поделимся с вами советами по созданию \nкомфортной атмосферы для практики йоги и о том, как получить \nмаксимальную пользу от этой древней практики.",
        "body_text": "<p>В этой статье мы расскажем вам о правильном подходе к занятиям йогой. Йога - это не только \n     физические упражнения, но и духовная практика, которая способствует гармонии тела и ума.</p>\n\n    <p>Сначала мы поговорим о различных стилях йоги, включая Хатха, Виньяса, Аштанга и другие. Каждый стиль имеет \n    свои особенности и подходит для разных целей и уровней подготовки.</p>\n\n    <p>Затем вы узнаете об основных асанах (позах) и дыхательных упражнениях, которые помогут вам развивать гибкость, \n    силу и внимание к дыханию. Постепенно осваивайте асаны и не забывайте о важности правильной техники.</p>\n\n    <p>Для успешной практики йоги также важна атмосфера. Мы поделимся с вами советами по созданию уютного и \n    спокойного места для занятий. Медитация и пранаяма (дыхательные упражнения) помогут вам достичь гармонии ума и \n    тела.</p>\n\n    <p><strong>В заключении,</strong> йога - это путь к здоровью и внутреннему равновесию. Начните свою практику с \n    правильным подходом, учите новые асаны и наслаждайтесь пользой для своего тела и души.</p>",
        "image": "image_entry/14.jpg",
        "pub_date": "2024-02-01T09:00:00Z",
        "status": "published",
        "mod_date": "2024-03-18",
        "number_of_comments": 0,
        "number_of_pingbacks": 0,
        "rating": 4.1,
        "authors": [
            10,
            15
        ],
        "tags": [
            4
        ]
    }
},
{
    "model": "app.entry",
    "pk": 15,
    "fields": {
        "blog": 3,
        "headline": "Секреты успешного похудения",
        "slug_headline": "sekrety-uspeshnogo-pohudeniya",
        "summary": "В этой статье мы раскроем перед вами секреты успешного \nпохудения. Вы узнаете о правильном подходе к питанию, регулярной \nфизической активности и психологической поддержке. Мы поделимся с вами \nстратегиями управления весом, методами измерения прогресса и советами по \nподдержанию мотивации в течение всего процесса похудения.",
        "body_text": "<p>В этой статье мы раскроем перед вами секреты успешного похудения. Достижение и поддержание \n     здорового веса - это результат комплексного подхода, включающего в себя правильное питание, регулярную \n     физическую активность и психологическую поддержку.</p>\n\n    <p>Правильное питание - ключевой элемент процесса похудения. Мы расскажем вам о здоровых пищевых привычках, \n    балансе макро- и микроэлементов, а также о том, как контролировать порции и избегать излишних калорий.</p>\n\n    <p>Физическая активность не только помогает сжигать лишние калории, но и укрепляет мышцы и повышает общее \n    самочувствие. Мы поделимся с вами стратегиями тренировок, которые способствуют эффективному похудению и улучшению \n    физической формы.</p>\n\n    <p>Психологическая поддержка также играет важную роль. Вы узнаете о методах управления стрессом, поддержании \n    мотивации и справлении с эмоциональными проблемами, которые могут возникнуть во время похудения.</p>\n\n    <p><strong>В заключении,</strong> похудение - это долгосрочный процесс, требующий терпения и усилий. Однако, \n    с правильным подходом и стратегиями, вы можете достичь своих целей и поддерживать здоровый образ жизни.</p>",
        "image": "image_entry/15.jpg",
        "pub_date": "2023-04-01T06:00:00Z",
        "status": "published",
        "mod_date": "2024-03-18",
        "number_of_comments": 5,
        "number_of_pingbacks": 4,
        "rating": 4.2,
        "authors": [
            10
        ],
        "tags": [
            14,
            15
        ]
    }
},
{
    "model": "app.entry",
    "pk": 16,
    "fields": {
        "blog": 4,
        "headline": "Последние тренды в мире искусственного интеллекта",
        "slug_headline": "poslednie-trendy-v-mire-iskusstvennogo-intellekta",
        "summary": "В этой статье мы расскажем о последних трендах в мире \nискусственного интеллекта. Вы узнаете о новейших разработках, применении \nискусственного интеллекта в различных областях, таких как медицина, \nтранспорт, финансы и многое другое. Мы также обсудим перспективы и \nвызовы, с которыми сталкиваются исследователи и разработчики в этой \nинновационной сфере.",
        "body_text": "<p>В этой статье мы расскажем о последних трендах в мире искусственного интеллекта. \n     Искусственный интеллект (ИИ) продолжает привлекать внимание и инновационные разработки в различных областях.</p>\n\n    <p>Новейшие разработки в области медицины, такие как машинное обучение для диагностики болезней и разработка \n    лекарств, открывают новые возможности для спасения жизней и улучшения качества медицинской помощи.</p>\n\n    <p>Искусственный интеллект также играет важную роль в сфере транспорта, автономных автомобилей и сетей \n    общественного транспорта, что способствует повышению безопасности и эффективности.</p>\n\n    <p>В финансовой сфере ИИ используется для прогнозирования рыночных трендов, управления рисками и обнаружения \n    мошенничества. Это помогает банкам и инвесторам принимать более обоснованные решения.</p>\n\n    <p>Однако, вместе с возможностями ИИ существуют и вызовы, такие как вопросы конфиденциальности данных и этические \n    аспекты. <strong>В заключении,</strong> искусственный интеллект продолжает преобразовывать мир, и его будущее \n    остается захватывающим исследовательским полем.</p>",
        "image": "image_entry/16.jpg",
        "pub_date": "2024-02-01T06:00:00Z",
        "status": "published",
        "mod_date": "2024-03-18",
        "number_of_comments": 0,
        "number_of_pingbacks": 0,
        "rating": 4.7,
        "authors": [
            4,
            9
        ],
        "tags": [
            8,
            17
        ]
    }
},
{
    "model": "app.entry",
    "pk": 17,
    "fields": {
        "blog": 4,
        "headline": "Развитие интернета вещей: будущее или реальность?",
        "slug_headline": "razvitie-interneta-veshchej-budushchee-ili-realnost",
        "summary": "В этой статье мы рассмотрим развитие интернета вещей и \nвыясним, насколько это будущее уже стало реальностью. Вы узнаете о \nпринципах работы интернета вещей, его преимуществах и вызовах. Мы также \nрассмотрим конкретные примеры применения интернета вещей в различных \nсферах, таких как умный дом, здравоохранение, промышленность и \nтранспорт.",
        "body_text": "<p>В этой статье мы рассмотрим развитие интернета вещей и выясним, насколько это будущее уже \n     стало реальностью. Интернет вещей (IoT) представляет собой концепцию, в которой устройства и предметы \n     оборудованы сенсорами и соединены с интернетом, чтобы обмениваться данными и выполнять различные задачи.</p>\n\n    <p>Принцип работы IoT заключается в сборе данных от устройств, их анализе и использовании для оптимизации \n    процессов. Это позволяет улучшить эффективность и контроль в различных областях, включая умный дом, где вы можете \n    управлять освещением и отоплением с помощью смартфона.</p>\n\n    <p>Важными преимуществами IoT являются повышение уровня автоматизации, экономия времени и ресурсов, \n    а также создание новых возможностей для бизнеса и инноваций в медицине и здравоохранении.</p>\n\n    <p>Однако, развитие IoT также сталкивается с вызовами, связанными с безопасностью данных и приватностью. \n    Злоумышленники могут попытаться взломать устройства IoT, что создает потенциальные риски.</p>\n\n    <p><strong>В заключении,</strong> интернет вещей представляет собой важное направление в развитии технологий, \n    и его влияние на нашу повседневную жизнь продолжает расти. От наших домов до индустрии и здравоохранения, \n    IoT меняет мир вокруг нас.</p>",
        "image": "image_entry/17.jpg",
        "pub_date": "2022-02-01T06:00:00Z",
        "status": "published",
        "mod_date": "2024-03-18",
        "number_of_comments": 8,
        "number_of_pingbacks": 8,
        "rating": 4.4,
        "authors": [
            6
        ],
        "tags": [
            7,
            10
        ]
    }
},
{
    "model": "app.entry",
    "pk": 18,
    "fields": {
        "blog": 4,
        "headline": "Новые гаджеты и устройства: обзор рынка",
        "slug_headline": "novye-gadzhety-i-ustrojstva-obzor-rynka",
        "summary": "В этой статье мы представим вам обзор рынка новых \nгаджетов и устройств. Вы узнаете о самых актуальных технологических \nновинках, таких как смартфоны, ноутбуки, планшеты, умные часы и другие \nустройства. Мы расскажем о их особенностях, возможностях и тенденциях \nразвития. Эта статья поможет вам быть в курсе последних технологических \nдостижений и сделать информированный выбор при покупке нового гаджета.",
        "body_text": "<p>В этой статье мы представим вам обзор рынка новых гаджетов и устройств. Сегодня \n     технологический мир развивается со скоростью света, и каждый день на рынке появляются новые устройства и \n     технологии.</p>\n\n    <p>Смартфоны остаются одними из самых востребованных гаджетов, и производители постоянно улучшают их \n    характеристики. Вы узнаете о последних моделях с инновационными функциями и камерами, способными конкурировать с \n    профессиональными фотоаппаратами.</p>\n\n    <p>Ноутбуки и планшеты также продолжают развиваться, предлагая более мощные процессоры, высокое разрешение \n    экранов и удобство для работы и развлечений.</p>\n\n    <p>Умные часы становятся неотъемлемой частью повседневной жизни, предоставляя удобный доступ к информации, \n    мониторингу здоровья и даже возможность управлять умным домом.</p>\n\n    <p><strong>В заключении,</strong> быть в курсе последних технологических достижений важно, чтобы сделать \n    правильный выбор при покупке нового гаджета. Новые функции и улучшения в устройствах делают нашу жизнь более \n    комфортной и увлекательной.</p>",
        "image": "image_entry/18.jpg",
        "pub_date": "2021-06-01T06:00:00Z",
        "status": "published",
        "mod_date": "2024-03-18",
        "number_of_comments": 20,
        "number_of_pingbacks": 1,
        "rating": 3.5,
        "authors": [
            8
        ],
        "tags": [
            8,
            19
        ]
    }
},
{
    "model": "app.entry",
    "pk": 19,
    "fields": {
        "blog": 4,
        "headline": "Кибербезопасность: защита вашей конфиденциальности",
        "slug_headline": "kiberbezopasnost-zashchita-vashej-konfidencialnosti",
        "summary": "В этой статье мы обсудим вопросы кибербезопасности и \nзащиты вашей конфиденциальности в цифровом мире. Вы узнаете о \nраспространенных угрозах, с которыми сталкиваются пользователи, \nи о методах защиты от киберпреступников. Мы поделимся с вами советами по \nсозданию надежных паролей, использованию антивирусных программ, защите \nсвоих персональных данных и осознанному поведению в онлайн-среде.",
        "body_text": "\n     <p>В этой статье мы обсудим вопросы кибербезопасности и защиты вашей конфиденциальности в цифровом мире. В \n    современном интернете существует множество угроз, и важно быть готовыми к их предотвращению и реагированию.</p>\n\n    <p>Распространенные угрозы включают в себя вирусы, вредоносные программы и хакерские атаки. Для защиты вашего \n    устройства от таких угроз, важно установить надежное антивирусное программное обеспечение и обновлять его \n    регулярно.</p>\n\n    <p>Создание сильных и уникальных паролей для всех ваших онлайн-аккаунтов также является важным аспектом \n    кибербезопасности. Мы расскажем о методах создания надежных паролей и рекомендациях по их хранению.</p>\n\n    <p>Защита персональных данных - это ключевой момент в цифровой безопасности. Мы предоставим вам советы о том, \n    как обеспечить конфиденциальность ваших личных данных и как реагировать в случае их утечки.</p>\n\n    <p><strong>В заключении,</strong> осознанное поведение в онлайн-среде и применение соответствующих мер \n    предосторожности могут существенно уменьшить риск столкновения с киберугрозами. Защитите себя и свои данные, \n    следуя нашим советам по кибербезопасности.</p>",
        "image": "image_entry/19.jpg",
        "pub_date": "2021-09-01T06:00:00Z",
        "status": "published",
        "mod_date": "2024-03-18",
        "number_of_comments": 12,
        "number_of_pingbacks": 6,
        "rating": 3.8,
        "authors": [
            11
        ],
        "tags": [
            8,
            14,
            18
        ]
    }
},
{
    "model": "app.entry",
    "pk": 20,
    "fields": {
        "blog": 4,
        "headline": "Инновации в области виртуальной реальности",
        "slug_headline": "innovacii-v-oblasti-virtualnoj-realnosti",
        "summary": "В этой статье мы расскажем о последних инновациях в \nобласти виртуальной реальности. Вы узнаете о новейших разработках, \nиспользующих виртуальную и дополненную реальность, и о том, как эти \nтехнологии меняют различные отрасли, включая игровую индустрию, \nобразование, медицину и бизнес. Мы также обсудим потенциал и перспективы \nразвития виртуальной реальности и ее влияние на нашу жизнь.",
        "body_text": "<p>В этой статье мы расскажем о последних инновациях в области виртуальной реальности. \n     Современные технологии позволяют нам погрузиться в удивительные виртуальные миры и переживать невероятные \n     приключения.</p>\n\n    <p>Игровая индустрия нашла огромное применение в виртуальной реальности, предлагая игрокам уникальный опыт и \n    возможность полностью погрузиться в игровой процесс. Однако виртуальная реальность нашла применение не только в \n    развлечениях.</p>\n\n    <p>Образовательные учреждения используют виртуальную реальность для создания интерактивных уроков и обучающих \n    симуляторов. Это позволяет учащимся более глубоко понимать учебный материал и учиться более эффективно.</p>\n\n    <p>Медицинская сфера также внедряет виртуальную реальность для обучения хирургов и реабилитации пациентов. \n    Технология помогает улучшить процессы диагностики и лечения различных заболеваний.</p>\n\n    <p><strong>В заключении,</strong> виртуальная реальность становится все более доступной и востребованной \n    технологией, которая меняет наш мир. Ее потенциал бесконечен, и мы можем ожидать еще больших инноваций в \n    будущем.</p>",
        "image": "image_entry/20.jpg",
        "pub_date": "2021-08-01T06:00:00Z",
        "status": "published",
        "mod_date": "2024-03-18",
        "number_of_comments": 12,
        "number_of_pingbacks": 25,
        "rating": 4.9,
        "authors": [
            4
        ],
        "tags": [
            7,
            8
        ]
    }
},
{
    "model": "app.entry",
    "pk": 21,
    "fields": {
        "blog": 5,
        "headline": "Тенденции моды на текущий сезон",
        "slug_headline": "tendencii-mody-na-tekushchij-sezon",
        "summary": "В этой статье мы расскажем о главных тенденциях моды на \nтекущий сезон. Вы узнаете о модных цветах, принтах, фасонах и \nаксессуарах, которые будут актуальны в этом сезоне. Мы также предложим \nвам идеи и советы по созданию стильных образов с использованием новых \nмодных трендов. Будьте в тренде и выглядите модно в этом сезоне!",
        "body_text": "<p>В этой статье мы расскажем о главных тенденциях моды на текущий сезон. Модная индустрия \n     постоянно меняется, и важно быть в курсе последних новинок и трендов.</p>\n\n    <p>Один из главных модных акцентов этого сезона - это использование ярких и насыщенных цветов. Мы расскажем о \n    самых актуальных оттенках и комбинациях, которые придают вашему образу яркость и оригинальность.</p>\n\n    <p>Принты также играют важную роль в моде. В текущем сезоне популярны геометрические узоры, цветочные мотивы и \n    абстрактные рисунки. Мы предложим идеи по сочетанию принтов в одном образе.</p>\n\n    <p>Фасоны и силуэты также подвергаются изменениям. Вы узнаете о модных длинах юбок и платьев, а также о том, \n    какие элементы одежды придают фигуре изящество и грацию.</p>\n\n    <p><strong>В заключение,</strong> следите за текущими модными тенденциями, но не забывайте, что важнее всего - \n    это комфорт и уверенность в себе. Используйте наши советы, чтобы создать стильные образы, которые подчеркивают \n    вашу индивидуальность.</p> </body>",
        "image": "image_entry/21.jpg",
        "pub_date": "2022-09-01T06:00:00Z",
        "status": "published",
        "mod_date": "2024-03-18",
        "number_of_comments": 8,
        "number_of_pingbacks": 20,
        "rating": 5.0,
        "authors": [
            2,
            3,
            11
        ],
        "tags": [
            11,
            17
        ]
    }
},
{
    "model": "app.entry",
    "pk": 22,
    "fields": {
        "blog": 5,
        "headline": "Как создать стильный образ на каждый день",
        "slug_headline": "kak-sozdat-stilnyj-obraz-na-kazhdyj-den",
        "summary": "В этой статье мы поделимся с вами секретами создания \nстильного образа на каждый день. Вы узнаете о базовых элементах \nгардероба, которые помогут вам выглядеть модно и уверенно в любой \nситуации. Мы предложим вам простые идеи по комбинированию одежды, \nвыбору аксессуаров и созданию гармоничного образа. Будьте стильными \nкаждый день и выражайте свою индивидуальность через моду!",
        "body_text": "<p>В этой статье мы поделимся с вами секретами создания стильного образа на каждый день. \n     Независимо от вашего стиля, важно иметь базовые элементы гардероба, которые помогут вам выглядеть модно и \n     уверенно в любой ситуации.</p>\n\n    <p>Одним из ключевых элементов стильного образа является правильный выбор базовой одежды. Базовые вещи, \n    такие как белая рубашка, джинсы и черное платье, могут стать основой вашего гардероба и сочетаться с разными \n    стилями и аксессуарами.</p>\n\n    <p>Важным аспектом создания образа является также аксессуары. Они добавляют индивидуальности вашему стилю и могут \n    преобразить даже самый простой наряд. Подбирайте аксессуары, которые отражают вашу личность.</p>\n\n    <p>Не забывайте об удобстве. Стиль и комфорт могут идти рука об руку. Подбирайте обувь и одежду, в которых вам \n    будет удобно и комфортно проводить день.</p>\n\n    <p><strong>В заключение,</strong> будьте стильными каждый день и выражайте свою индивидуальность через моду. \n    Используйте наши советы, чтобы создать гармоничный образ, который подчеркивает вашу уникальность.</p> </body>",
        "image": "image_entry/22.jpg",
        "pub_date": "2024-02-01T12:00:00Z",
        "status": "published",
        "mod_date": "2024-03-18",
        "number_of_comments": 0,
        "number_of_pingbacks": 0,
        "rating": 0.0,
        "authors": [
            6,
            7
        ],
        "tags": [
            12,
            16
        ]
    }
},
{
    "model": "app.entry",
    "pk": 23,
    "fields": {
        "blog": 5,
        "headline": "История моды: от ретро до современности",
        "slug_headline": "istoriya-mody-ot-retro-do-sovremennosti",
        "summary": "В этой статье мы проведем вас через историю моды, \nначиная от ретро стиля до современных тенденций. Вы узнаете о модных \nэпохах, значимых дизайнерах и их влиянии на моду. Мы расскажем о \nключевых характеристиках каждой эпохи и источниках вдохновения. \nПогрузитесь в мир моды и узнайте, как прошлое влияет на современные \nтенденции.",
        "body_text": "<p>В этой статье мы проведем вас через историю моды, начиная от ретро стиля до современных \n     тенденций. Мода - это не только одежда, но и отражение культурных изменений и социальных сдвигов в обществе.</p>\n\n    <p>Первая часть нашего путешествия будет посвящена ретро стилю. Ретро - это возвращение к модным тенденциям \n    прошлых десятилетий. Эпохи 20-х, 50-х, 70-х годов оказали огромное влияние на современную моду. Ретро вдохновляет \n    дизайнеров создавать уникальные коллекции, объединяя старое с новым.</p>\n\n    <p>Далее мы перейдем к разговору о современных тенденциях в моде. Сегодняшняя мода меняется с бешеной скоростью, \n    и каждый сезон приносит свои тренды. Мы расскажем о влиянии технологий, устойчивой моде и культурных движениях на \n    современные коллекции.</p>\n\n    <p>История моды - это бесконечный источник вдохновения. Дизайнеры учатся у прошлого, чтобы создавать будущее. В \n    этой статье вы найдете ключевые моменты и источники вдохновения, которые сформировали моду такой, какой она есть \n    сегодня.</p>\n\n    <p><strong>В заключение,</strong> мода - это не только область дизайна, но и форма искусства, которая отражает \n    наше общество и индивидуальное выражение стиля. История моды научит вас видеть моду в новом свете и понимать, \n    как она влияет на нашу жизнь.</p>",
        "image": "image_entry/23.jpg",
        "pub_date": "2023-06-01T12:00:00Z",
        "status": "published",
        "mod_date": "2024-03-18",
        "number_of_comments": 2,
        "number_of_pingbacks": 10,
        "rating": 0.0,
        "authors": [
            2
        ],
        "tags": [
            2,
            11
        ]
    }
},
{
    "model": "app.entry",
    "pk": 24,
    "fields": {
        "blog": 5,
        "headline": "Уход за кожей и волосами: лучшие советы",
        "slug_headline": "uhod-za-kozhej-i-volosami-luchshie-sovety",
        "summary": "В этой статье мы поделимся с вами лучшими советами по \nуходу за кожей и волосами. Вы узнаете о правильном выборе косметики, \nежедневном уходе, сезонных рекомендациях и основных принципах ухода за \nкожей и волосами. Мы также расскажем о домашних рецептах и натуральных \nпродуктах, которые помогут вам сохранить здоровье и красоту кожи и \nволос.",
        "body_text": "<p>В этой статье мы поделимся с вами лучшими советами по уходу за кожей и волосами. Здоровая и \n     ухоженная кожа и волосы - это основа красоты и уверенности в себе.</p>\n\n    <p>Правильный выбор косметики - это первый шаг к красивой коже и волосам. Мы расскажем вам, как определить свой \n    тип кожи и волос и подобрать подходящие продукты для ухода. Эффективный уход начинается с правильного выбора \n    средств.</p>\n\n    <p>Ежедневный режим ухода - это залог здоровья и молодости вашей кожи и волос. Мы подробно расскажем о этапах \n    ухода, включая очищение, увлажнение, защиту от солнца и многое другое. Следуя нашим рекомендациям, вы сможете \n    создать эффективную уходовую рутину.</p>\n\n    <p>Смена сезонов требует особого внимания к коже и волосам. Мы предоставим вам сезонные советы и рекомендации, \n    чтобы ваша кожа и волосы всегда оставались здоровыми, независимо от погоды и времени года.</p>\n\n    <p><strong>В заключение,</strong> уход за кожей и волосами - это забота о себе и своем здоровье. Следуя нашим \n    советам, вы сможете достичь красоты и уверенности в себе, которые будут всегда с вами.</p>",
        "image": "image_entry/24.jpg",
        "pub_date": "2023-02-01T12:00:00Z",
        "status": "published",
        "mod_date": "2024-03-18",
        "number_of_comments": 0,
        "number_of_pingbacks": 1,
        "rating": 0.0,
        "authors": [
            5
        ],
        "tags": [
            14
        ]
    }
},
{
    "model": "app.entry",
    "pk": 25,
    "fields": {
        "blog": 5,
        "headline": "Интервью с известными модельерами и дизайнерами",
        "slug_headline": "intervyu-s-izvestnymi-modelerami-i-dizajnerami",
        "summary": "В этой статье мы представим вам интервью с известными \nмодельерами и дизайнерами. Вы узнаете о их вдохновении, творческом \nпроцессе и философии моды. Мы зададим им вопросы о ключевых трендах, \nих видении стиля и роли моды в современном обществе. Будьте в курсе \nмировой моды и получите вдохновение от талантливых дизайнеров!",
        "body_text": "<p>В этой статье мы представим вам интервью с известными модельерами и дизайнерами. Узнайте \n     больше о творческих мастерах, стоящих за кулисами мировой модной индустрии.</p>\n\n    <p>Известные дизайнеры расскажут о своем вдохновении и источниках креативных идей. Вы узнаете, какие факторы \n    вдохновляют их создавать уникальные коллекции и как они преодолевают творческие блоки.</p>\n\n    <p>Мы обсудим с модельерами их философию моды и взгляд на современные тренды. Узнайте, какие ценности и идеи они \n    вкладывают в свои коллекции и как они видят будущее индустрии.</p>\n\n    <p>Дизайнеры также поделятся своими советами для начинающих и расскажут о своем пути к успеху в мире моды. Вы \n    получите уникальную возможность заглянуть в их мастерские и узнать больше о процессе создания модных шедевров.</p>\n\n    <p><strong>В заключение,</strong> интервью с модельерами и дизайнерами - это возможность погрузиться в мир моды, \n    узнать о творческом процессе и получить долю вдохновения от талантливых художников одежды.</p> </body>",
        "image": "image_entry/25.jpg",
        "pub_date": "2023-02-01T12:00:00Z",
        "status": "published",
        "mod_date": "2024-03-18",
        "number_of_comments": 0,
        "number_of_pingbacks": 2,
        "rating": 4.0,
        "authors": [
            5
        ],
        "tags": [
            11,
            13
        ]
    }
},
{
    "model": "app.tag",
    "pk": 1,
    "fields": {
        "name": "Путешествие",
        "slug_name": "puteshectvie",
        "created_at": "2024-03-17T23:27:52.043Z",
        "updated_at": "2024-03-17T23:27:52.043Z"
    }
},
{
    "model": "app.tag",
    "pk": 2,
    "fields": {
        "name": "История",
        "slug_name": "istoriya",
        "created_at": "2024-03-17T23:27:52.045Z",
        "updated_at": "2024-03-17T23:27:52.045Z"
    }
},
{
    "model": "app.tag",
    "pk": 3,
    "fields": {
        "name": "Кулинария",
        "slug_name": "kulinariya",
        "created_at": "2024-03-17T23:27:52.047Z",
        "updated_at": "2024-03-17T23:27:52.047Z"
    }
},
{
    "model": "app.tag",
    "pk": 4,
    "fields": {
        "name": "Фитнес",
        "slug_name": "fitness",
        "created_at": "2024-03-17T23:27:52.049Z",
        "updated_at": "2024-03-17T23:27:52.049Z"
    }
},
{
    "model": "app.tag",
    "pk": 5,
    "fields": {
        "name": "Полезное",
        "slug_name": "poleznoe",
        "created_at": "2024-03-17T23:27:52.051Z",
        "updated_at": "2024-03-17T23:27:52.051Z"
    }
},
{
    "model": "app.tag",
    "pk": 6,
    "fields": {
        "name": "Авторская статья",
        "slug_name": "avtorskaya-statiya",
        "created_at": "2024-03-17T23:27:52.053Z",
        "updated_at": "2024-03-17T23:27:52.053Z"
    }
},
{
    "model": "app.tag",
    "pk": 7,
    "fields": {
        "name": "Новости",
        "slug_name": "novosti",
        "created_at": "2024-03-17T23:27:52.055Z",
        "updated_at": "2024-03-17T23:27:52.055Z"
    }
},
{
    "model": "app.tag",
    "pk": 8,
    "fields": {
        "name": "Технологии",
        "slug_name": "technologii",
        "created_at": "2024-03-17T23:27:52.057Z",
        "updated_at": "2024-03-17T23:27:52.057Z"
    }
},
{
    "model": "app.tag",
    "pk": 9,
    "fields": {
        "name": "ИТ",
        "slug_name": "it",
        "created_at": "2024-03-17T23:27:52.059Z",
        "updated_at": "2024-03-17T23:27:52.059Z"
    }
},
{
    "model": "app.tag",
    "pk": 10,
    "fields": {
        "name": "Развитие",
        "slug_name": "razvitie",
        "created_at": "2024-03-17T23:27:52.061Z",
        "updated_at": "2024-03-17T23:27:52.061Z"
    }
},
{
    "model": "app.tag",
    "pk": 11,
    "fields": {
        "name": "Мода",
        "slug_name": "moda",
        "created_at": "2024-03-17T23:27:52.063Z",
        "updated_at": "2024-03-17T23:27:52.063Z"
    }
},
{
    "model": "app.tag",
    "pk": 12,
    "fields": {
        "name": "Стиль",
        "slug_name": "stil",
        "created_at": "2024-03-17T23:27:52.064Z",
        "updated_at": "2024-03-17T23:27:52.064Z"
    }
},
{
    "model": "app.tag",
    "pk": 13,
    "fields": {
        "name": "Интервью",
        "slug_name": "interview",
        "created_at": "2024-03-17T23:27:52.066Z",
        "updated_at": "2024-03-17T23:27:52.066Z"
    }
},
{
    "model": "app.tag",
    "pk": 14,
    "fields": {
        "name": "Советы",
        "slug_name": "soveti",
        "created_at": "2024-03-17T23:27:52.068Z",
        "updated_at": "2024-03-17T23:27:52.068Z"
    }
},
{
    "model": "app.tag",
    "pk": 15,
    "fields": {
        "name": "Здоровье",
        "slug_name": "zdorovie",
        "created_at": "2024-03-17T23:27:52.070Z",
        "updated_at": "2024-03-17T23:27:52.070Z"
    }
},
{
    "model": "app.tag",
    "pk": 16,
    "fields": {
        "name": "Повседневное",
        "slug_name": "povsednevnoe",
        "created_at": "2024-03-17T23:27:52.072Z",
        "updated_at": "2024-03-17T23:27:52.072Z"
    }
},
{
    "model": "app.tag",
    "pk": 17,
    "fields": {
        "name": "Тренды",
        "slug_name": "trendi",
        "created_at": "2024-03-17T23:27:52.074Z",
        "updated_at": "2024-03-17T23:27:52.074Z"
    }
},
{
    "model": "app.tag",
    "pk": 18,
    "fields": {
        "name": "Безопасность",
        "slug_name": "bezopacnost",
        "created_at": "2024-03-17T23:27:52.076Z",
        "updated_at": "2024-03-17T23:27:52.076Z"
    }
},
{
    "model": "app.tag",
    "pk": 19,
    "fields": {
        "name": "Гаджеты",
        "slug_name": "gadjeti",
        "created_at": "2024-03-17T23:27:52.077Z",
        "updated_at": "2024-03-17T23:27:52.077Z"
    }
},
{
    "model": "app.tag",
    "pk": 20,
    "fields": {
        "name": "Тайна",
        "slug_name": "taina",
        "created_at": "2024-03-17T23:27:52.079Z",
        "updated_at": "2024-03-17T23:27:52.079Z"
    }
},
{
    "model": "app.tag",
    "pk": 21,
    "fields": {
        "name": "Приключение",
        "slug_name": "prikluchenie",
        "created_at": "2024-03-17T23:27:52.081Z",
        "updated_at": "2024-03-17T23:27:52.081Z"
    }
},
{
    "model": "app.comment",
    "pk": 1,
    "fields": {
        "user": 14,
        "entry": 1,
        "text": "Статья интересная, но требует дополнительной информации.",
        "parent": null,
        "created_at": "2024-03-17T23:27:52.330Z",
        "updated_at": "2024-03-17T23:27:52.330Z"
    }
},
{
    "model": "app.comment",
    "pk": 2,
    "fields": {
        "user": 24,
        "entry": 2,
        "text": "Информация в статье полезна, но ожидал большего.",
        "parent": null,
        "created_at": "2024-03-17T23:27:52.333Z",
        "updated_at": "2024-03-17T23:27:52.333Z"
    }
},
{
    "model": "app.comment",
    "pk": 3,
    "fields": {
        "user": 21,
        "entry": 2,
        "text": "Не плохо, но есть место для совершенствования.",
        "parent": null,
        "created_at": "2024-03-17T23:27:52.336Z",
        "updated_at": "2024-03-17T23:27:52.336Z"
    }
},
{
    "model": "app.comment",
    "pk": 4,
    "fields": {
        "user": 13,
        "entry": 2,
        "text": "Отличная статья, много полезной информации!",
        "parent": null,
        "created_at": "2024-03-17T23:27:52.339Z",
        "updated_at": "2024-03-17T23:27:52.339Z"
    }
},
{
    "model": "app.comment",
    "pk": 5,
    "fields": {
        "user": 12,
        "entry": 2,
        "text": "Пустая болтовня, не стоит времени.",
        "parent": null,
        "created_at": "2024-03-17T23:27:52.342Z",
        "updated_at": "2024-03-17T23:27:52.342Z"
    }
},
{
    "model": "app.comment",
    "pk": 6,
    "fields": {
        "user": 34,
        "entry": 2,
        "text": "Статья интересная, но требует дополнительной информации.",
        "parent": null,
        "created_at": "2024-03-17T23:27:52.345Z",
        "updated_at": "2024-03-17T23:27:52.345Z"
    }
},
{
    "model": "app.comment",
    "pk": 7,
    "fields": {
        "user": 8,
        "entry": 2,
        "text": "Автор хорошо изложил материал, но структура может быть улучшена.",
        "parent": null,
        "created_at": "2024-03-17T23:27:52.348Z",
        "updated_at": "2024-03-17T23:27:52.348Z"
    }
},
{
    "model": "app.comment",
    "pk": 8,
    "fields": {
        "user": 20,
        "entry": 2,
        "text": "Информация в статье полезна, но ожидал большего.",
        "parent": null,
        "created_at": "2024-03-17T23:27:52.351Z",
        "updated_at": "2024-03-17T23:27:52.351Z"
    }
},
{
    "model": "app.comment",
    "pk": 9,
    "fields": {
        "user": 39,
        "entry": 2,
        "text": "Пустая болтовня, не стоит времени.",
        "parent": null,
        "created_at": "2024-03-17T23:27:52.354Z",
        "updated_at": "2024-03-17T23:27:52.354Z"
    }
},
{
    "model": "app.comment",
    "pk": 10,
    "fields": {
        "user": 8,
        "entry": 2,
        "text": "Читал с унынием, информация уже известна.",
        "parent": null,
        "created_at": "2024-03-17T23:27:52.357Z",
        "updated_at": "2024-03-17T23:27:52.357Z"
    }
},
{
    "model": "app.comment",
    "pk": 11,
    "fields": {
        "user": 19,
        "entry": 2,
        "text": "Благодарю автора за качественный материал.",
        "parent": null,
        "created_at": "2024-03-17T23:27:52.360Z",
        "updated_at": "2024-03-17T23:27:52.360Z"
    }
},
{
    "model": "app.comment",
    "pk": 12,
    "fields": {
        "user": 33,
        "entry": 2,
        "text": "Информация в статье полезна, но ожидал большего.",
        "parent": null,
        "created_at": "2024-03-17T23:27:52.363Z",
        "updated_at": "2024-03-17T23:27:52.363Z"
    }
},
{
    "model": "app.comment",
    "pk": 13,
    "fields": {
        "user": 35,
        "entry": 3,
        "text": "Пустая болтовня, не стоит времени.",
        "parent": null,
        "created_at": "2024-03-17T23:27:52.366Z",
        "updated_at": "2024-03-17T23:27:52.366Z"
    }
},
{
    "model": "app.comment",
    "pk": 14,
    "fields": {
        "user": 24,
        "entry": 3,
        "text": "Прекрасно написано, легко читается.",
        "parent": null,
        "created_at": "2024-03-17T23:27:52.369Z",
        "updated_at": "2024-03-17T23:27:52.369Z"
    }
},
{
    "model": "app.comment",
    "pk": 15,
    "fields": {
        "user": 17,
        "entry": 3,
        "text": "Благодарю автора за качественный материал.",
        "parent": null,
        "created_at": "2024-03-17T23:27:52.372Z",
        "updated_at": "2024-03-17T23:27:52.372Z"
    }
},
{
    "model": "app.comment",
    "pk": 16,
    "fields": {
        "user": 34,
        "entry": 3,
        "text": "Содержание статьи мне не понравилось.",
        "parent": null,
        "created_at": "2024-03-17T23:27:52.375Z",
        "updated_at": "2024-03-17T23:27:52.375Z"
    }
},
{
    "model": "app.comment",
    "pk": 17,
    "fields": {
        "user": 24,
        "entry": 3,
        "text": "Не плохо, но есть место для совершенствования.",
        "parent": null,
        "created_at": "2024-03-17T23:27:52.378Z",
        "updated_at": "2024-03-17T23:27:52.378Z"
    }
},
{
    "model": "app.comment",
    "pk": 18,
    "fields": {
        "user": 20,
        "entry": 4,
        "text": "Прекрасно написано, легко читается.",
        "parent": null,
        "created_at": "2024-03-17T23:27:52.381Z",
        "updated_at": "2024-03-17T23:27:52.381Z"
    }
},
{
    "model": "app.comment",
    "pk": 19,
    "fields": {
        "user": 28,
        "entry": 4,
        "text": "Автор хорошо изложил материал, но структура может быть улучшена.",
        "parent": null,
        "created_at": "2024-03-17T23:27:52.384Z",
        "updated_at": "2024-03-17T23:27:52.384Z"
    }
},
{
    "model": "app.comment",
    "pk": 20,
    "fields": {
        "user": 12,
        "entry": 5,
        "text": "Автор мог бы уделить больше внимания исследованию.",
        "parent": null,
        "created_at": "2024-03-17T23:27:52.387Z",
        "updated_at": "2024-03-17T23:27:52.387Z"
    }
},
{
    "model": "app.comment",
    "pk": 21,
    "fields": {
        "user": 13,
        "entry": 5,
        "text": "Содержание статьи мне не понравилось.",
        "parent": null,
        "created_at": "2024-03-17T23:27:52.390Z",
        "updated_at": "2024-03-17T23:27:52.390Z"
    }
},
{
    "model": "app.comment",
    "pk": 22,
    "fields": {
        "user": 29,
        "entry": 5,
        "text": "Пустая болтовня, не стоит времени.",
        "parent": null,
        "created_at": "2024-03-17T23:27:52.393Z",
        "updated_at": "2024-03-17T23:27:52.393Z"
    }
},
{
    "model": "app.comment",
    "pk": 23,
    "fields": {
        "user": 23,
        "entry": 6,
        "text": "Прекрасно написано, легко читается.",
        "parent": null,
        "created_at": "2024-03-17T23:27:52.396Z",
        "updated_at": "2024-03-17T23:27:52.396Z"
    }
},
{
    "model": "app.comment",
    "pk": 24,
    "fields": {
        "user": 9,
        "entry": 6,
        "text": "Благодарю автора за качественный материал.",
        "parent": null,
        "created_at": "2024-03-17T23:27:52.399Z",
        "updated_at": "2024-03-17T23:27:52.399Z"
    }
},
{
    "model": "app.comment",
    "pk": 25,
    "fields": {
        "user": 36,
        "entry": 6,
        "text": "Читал с унынием, информация уже известна.",
        "parent": null,
        "created_at": "2024-03-17T23:27:52.402Z",
        "updated_at": "2024-03-17T23:27:52.402Z"
    }
},
{
    "model": "app.comment",
    "pk": 26,
    "fields": {
        "user": 14,
        "entry": 6,
        "text": "Супер статья! Добавил в закладки для изучения.",
        "parent": null,
        "created_at": "2024-03-17T23:27:52.405Z",
        "updated_at": "2024-03-17T23:27:52.405Z"
    }
},
{
    "model": "app.comment",
    "pk": 27,
    "fields": {
        "user": 31,
        "entry": 6,
        "text": "Автор хорошо изложил материал, но структура может быть улучшена.",
        "parent": null,
        "created_at": "2024-03-17T23:27:52.408Z",
        "updated_at": "2024-03-17T23:27:52.408Z"
    }
},
{
    "model": "app.comment",
    "pk": 28,
    "fields": {
        "user": 25,
        "entry": 6,
        "text": "Интересный взгляд на тему, спасибо!",
        "parent": null,
        "created_at": "2024-03-17T23:27:52.411Z",
        "updated_at": "2024-03-17T23:27:52.411Z"
    }
},
{
    "model": "app.comment",
    "pk": 29,
    "fields": {
        "user": 30,
        "entry": 6,
        "text": "Пустая болтовня, не стоит времени.",
        "parent": null,
        "created_at": "2024-03-17T23:27:52.414Z",
        "updated_at": "2024-03-17T23:27:52.414Z"
    }
},
{
    "model": "app.comment",
    "pk": 30,
    "fields": {
        "user": 9,
        "entry": 6,
        "text": "Отличная статья, много полезной информации!",
        "parent": null,
        "created_at": "2024-03-17T23:27:52.417Z",
        "updated_at": "2024-03-17T23:27:52.417Z"
    }
},
{
    "model": "app.comment",
    "pk": 31,
    "fields": {
        "user": 21,
        "entry": 6,
        "text": "Прекрасно написано, легко читается.",
        "parent": null,
        "created_at": "2024-03-17T23:27:52.421Z",
        "updated_at": "2024-03-17T23:27:52.421Z"
    }
},
{
    "model": "app.comment",
    "pk": 32,
    "fields": {
        "user": 25,
        "entry": 6,
        "text": "Автор хорошо изложил материал, но структура может быть улучшена.",
        "parent": null,
        "created_at": "2024-03-17T23:27:52.424Z",
        "updated_at": "2024-03-17T23:27:52.424Z"
    }
},
{
    "model": "app.comment",
    "pk": 33,
    "fields": {
        "user": 21,
        "entry": 7,
        "text": "Интересный взгляд на тему, спасибо!",
        "parent": null,
        "created_at": "2024-03-17T23:27:52.427Z",
        "updated_at": "2024-03-17T23:27:52.427Z"
    }
},
{
    "model": "app.comment",
    "pk": 34,
    "fields": {
        "user": 13,
        "entry": 7,
        "text": "Автор мог бы уделить больше внимания исследованию.",
        "parent": null,
        "created_at": "2024-03-17T23:27:52.430Z",
        "updated_at": "2024-03-17T23:27:52.430Z"
    }
},
{
    "model": "app.comment",
    "pk": 35,
    "fields": {
        "user": 24,
        "entry": 7,
        "text": "Плохая статья, ничего нового.",
        "parent": null,
        "created_at": "2024-03-17T23:27:52.432Z",
        "updated_at": "2024-03-17T23:27:52.432Z"
    }
},
{
    "model": "app.comment",
    "pk": 36,
    "fields": {
        "user": 30,
        "entry": 7,
        "text": "Не плохо, но есть место для совершенствования.",
        "parent": null,
        "created_at": "2024-03-17T23:27:52.435Z",
        "updated_at": "2024-03-17T23:27:52.435Z"
    }
},
{
    "model": "app.comment",
    "pk": 37,
    "fields": {
        "user": 30,
        "entry": 7,
        "text": "Содержание статьи мне не понравилось.",
        "parent": null,
        "created_at": "2024-03-17T23:27:52.439Z",
        "updated_at": "2024-03-17T23:27:52.439Z"
    }
},
{
    "model": "app.comment",
    "pk": 38,
    "fields": {
        "user": 20,
        "entry": 7,
        "text": "Отличная статья, много полезной информации!",
        "parent": null,
        "created_at": "2024-03-17T23:27:52.441Z",
        "updated_at": "2024-03-17T23:27:52.441Z"
    }
},
{
    "model": "app.comment",
    "pk": 39,
    "fields": {
        "user": 24,
        "entry": 8,
        "text": "Благодарю автора за качественный материал.",
        "parent": null,
        "created_at": "2024-03-17T23:27:52.445Z",
        "updated_at": "2024-03-17T23:27:52.445Z"
    }
},
{
    "model": "app.comment",
    "pk": 40,
    "fields": {
        "user": 11,
        "entry": 8,
        "text": "Пустая болтовня, не стоит времени.",
        "parent": null,
        "created_at": "2024-03-17T23:27:52.447Z",
        "updated_at": "2024-03-17T23:27:52.447Z"
    }
},
{
    "model": "app.comment",
    "pk": 41,
    "fields": {
        "user": 17,
        "entry": 9,
        "text": "Читал с унынием, информация уже известна.",
        "parent": null,
        "created_at": "2024-03-17T23:27:52.450Z",
        "updated_at": "2024-03-17T23:27:52.450Z"
    }
},
{
    "model": "app.comment",
    "pk": 42,
    "fields": {
        "user": 22,
        "entry": 9,
        "text": "Не плохо, но есть место для совершенствования.",
        "parent": null,
        "created_at": "2024-03-17T23:27:52.453Z",
        "updated_at": "2024-03-17T23:27:52.453Z"
    }
},
{
    "model": "app.comment",
    "pk": 43,
    "fields": {
        "user": 36,
        "entry": 9,
        "text": "Автор мог бы уделить больше внимания исследованию.",
        "parent": null,
        "created_at": "2024-03-17T23:27:52.456Z",
        "updated_at": "2024-03-17T23:27:52.456Z"
    }
},
{
    "model": "app.comment",
    "pk": 44,
    "fields": {
        "user": 24,
        "entry": 10,
        "text": "Супер статья! Добавил в закладки для изучения.",
        "parent": null,
        "created_at": "2024-03-17T23:27:52.459Z",
        "updated_at": "2024-03-17T23:27:52.459Z"
    }
},
{
    "model": "app.comment",
    "pk": 45,
    "fields": {
        "user": 21,
        "entry": 10,
        "text": "Отличная статья, много полезной информации!",
        "parent": null,
        "created_at": "2024-03-17T23:27:52.462Z",
        "updated_at": "2024-03-17T23:27:52.462Z"
    }
},
{
    "model": "app.comment",
    "pk": 46,
    "fields": {
        "user": 27,
        "entry": 10,
        "text": "Интересный взгляд на тему, спасибо!",
        "parent": null,
        "created_at": "2024-03-17T23:27:52.465Z",
        "updated_at": "2024-03-17T23:27:52.465Z"
    }
},
{
    "model": "app.comment",
    "pk": 47,
    "fields": {
        "user": 10,
        "entry": 10,
        "text": "Информация в статье полезна, но ожидал большего.",
        "parent": null,
        "created_at": "2024-03-17T23:27:52.468Z",
        "updated_at": "2024-03-17T23:27:52.468Z"
    }
},
{
    "model": "app.comment",
    "pk": 48,
    "fields": {
        "user": 9,
        "entry": 10,
        "text": "Прекрасно написано, легко читается.",
        "parent": null,
        "created_at": "2024-03-17T23:27:52.471Z",
        "updated_at": "2024-03-17T23:27:52.471Z"
    }
},
{
    "model": "app.comment",
    "pk": 49,
    "fields": {
        "user": 27,
        "entry": 11,
        "text": "Автор мог бы уделить больше внимания исследованию.",
        "parent": null,
        "created_at": "2024-03-17T23:27:52.474Z",
        "updated_at": "2024-03-17T23:27:52.474Z"
    }
},
{
    "model": "app.comment",
    "pk": 50,
    "fields": {
        "user": 24,
        "entry": 11,
        "text": "Автор хорошо изложил материал, но структура может быть улучшена.",
        "parent": null,
        "created_at": "2024-03-17T23:27:52.477Z",
        "updated_at": "2024-03-17T23:27:52.477Z"
    }
},
{
    "model": "app.comment",
    "pk": 51,
    "fields": {
        "user": 20,
        "entry": 12,
        "text": "Супер статья! Добавил в закладки для изучения.",
        "parent": null,
        "created_at": "2024-03-17T23:27:52.480Z",
        "updated_at": "2024-03-17T23:27:52.480Z"
    }
},
{
    "model": "app.comment",
    "pk": 52,
    "fields": {
        "user": 27,
        "entry": 12,
        "text": "Информация в статье полезна, но ожидал большего.",
        "parent": null,
        "created_at": "2024-03-17T23:27:52.483Z",
        "updated_at": "2024-03-17T23:27:52.483Z"
    }
},
{
    "model": "app.comment",
    "pk": 53,
    "fields": {
        "user": 38,
        "entry": 12,
        "text": "Автор мог бы уделить больше внимания исследованию.",
        "parent": null,
        "created_at": "2024-03-17T23:27:52.486Z",
        "updated_at": "2024-03-17T23:27:52.486Z"
    }
},
{
    "model": "app.comment",
    "pk": 54,
    "fields": {
        "user": 36,
        "entry": 12,
        "text": "Не плохо, но есть место для совершенствования.",
        "parent": null,
        "created_at": "2024-03-17T23:27:52.489Z",
        "updated_at": "2024-03-17T23:27:52.489Z"
    }
},
{
    "model": "app.comment",
    "pk": 55,
    "fields": {
        "user": 23,
        "entry": 12,
        "text": "Не плохо, но есть место для совершенствования.",
        "parent": null,
        "created_at": "2024-03-17T23:27:52.492Z",
        "updated_at": "2024-03-17T23:27:52.492Z"
    }
},
{
    "model": "app.comment",
    "pk": 56,
    "fields": {
        "user": 22,
        "entry": 12,
        "text": "Благодарю автора за качественный материал.",
        "parent": null,
        "created_at": "2024-03-17T23:27:52.495Z",
        "updated_at": "2024-03-17T23:27:52.495Z"
    }
},
{
    "model": "app.comment",
    "pk": 57,
    "fields": {
        "user": 23,
        "entry": 12,
        "text": "Благодарю автора за качественный материал.",
        "parent": null,
        "created_at": "2024-03-17T23:27:52.498Z",
        "updated_at": "2024-03-17T23:27:52.498Z"
    }
},
{
    "model": "app.comment",
    "pk": 58,
    "fields": {
        "user": 34,
        "entry": 13,
        "text": "Супер статья! Добавил в закладки для изучения.",
        "parent": null,
        "created_at": "2024-03-17T23:27:52.501Z",
        "updated_at": "2024-03-17T23:27:52.501Z"
    }
},
{
    "model": "app.comment",
    "pk": 59,
    "fields": {
        "user": 32,
        "entry": 15,
        "text": "Содержание статьи мне не понравилось.",
        "parent": null,
        "created_at": "2024-03-17T23:27:52.504Z",
        "updated_at": "2024-03-17T23:27:52.504Z"
    }
},
{
    "model": "app.comment",
    "pk": 60,
    "fields": {
        "user": 21,
        "entry": 15,
        "text": "Не плохо, но есть место для совершенствования.",
        "parent": null,
        "created_at": "2024-03-17T23:27:52.507Z",
        "updated_at": "2024-03-17T23:27:52.507Z"
    }
},
{
    "model": "app.comment",
    "pk": 61,
    "fields": {
        "user": 39,
        "entry": 15,
        "text": "Плохая статья, ничего нового.",
        "parent": null,
        "created_at": "2024-03-17T23:27:52.510Z",
        "updated_at": "2024-03-17T23:27:52.510Z"
    }
},
{
    "model": "app.comment",
    "pk": 62,
    "fields": {
        "user": 12,
        "entry": 15,
        "text": "Прекрасно написано, легко читается.",
        "parent": null,
        "created_at": "2024-03-17T23:27:52.513Z",
        "updated_at": "2024-03-17T23:27:52.513Z"
    }
},
{
    "model": "app.comment",
    "pk": 63,
    "fields": {
        "user": 10,
        "entry": 15,
        "text": "Интересный взгляд на тему, спасибо!",
        "parent": null,
        "created_at": "2024-03-17T23:27:52.516Z",
        "updated_at": "2024-03-17T23:27:52.516Z"
    }
},
{
    "model": "app.comment",
    "pk": 64,
    "fields": {
        "user": 14,
        "entry": 17,
        "text": "Не плохо, но есть место для совершенствования.",
        "parent": null,
        "created_at": "2024-03-17T23:27:52.519Z",
        "updated_at": "2024-03-17T23:27:52.519Z"
    }
},
{
    "model": "app.comment",
    "pk": 65,
    "fields": {
        "user": 17,
        "entry": 17,
        "text": "Прекрасно написано, легко читается.",
        "parent": null,
        "created_at": "2024-03-17T23:27:52.522Z",
        "updated_at": "2024-03-17T23:27:52.522Z"
    }
},
{
    "model": "app.comment",
    "pk": 66,
    "fields": {
        "user": 34,
        "entry": 17,
        "text": "Пустая болтовня, не стоит времени.",
        "parent": null,
        "created_at": "2024-03-17T23:27:52.525Z",
        "updated_at": "2024-03-17T23:27:52.525Z"
    }
},
{
    "model": "app.comment",
    "pk": 67,
    "fields": {
        "user": 31,
        "entry": 17,
        "text": "Автор мог бы уделить больше внимания исследованию.",
        "parent": null,
        "created_at": "2024-03-17T23:27:52.528Z",
        "updated_at": "2024-03-17T23:27:52.528Z"
    }
},
{
    "model": "app.comment",
    "pk": 68,
    "fields": {
        "user": 36,
        "entry": 17,
        "text": "Читал с унынием, информация уже известна.",
        "parent": null,
        "created_at": "2024-03-17T23:27:52.531Z",
        "updated_at": "2024-03-17T23:27:52.531Z"
    }
},
{
    "model": "app.comment",
    "pk": 69,
    "fields": {
        "user": 23,
        "entry": 17,
        "text": "Читал с унынием, информация уже известна.",
        "parent": null,
        "created_at": "2024-03-17T23:27:52.534Z",
        "updated_at": "2024-03-17T23:27:52.534Z"
    }
},
{
    "model": "app.comment",
    "pk": 70,
    "fields": {
        "user": 7,
        "entry": 17,
        "text": "Отличная статья, много полезной информации!",
        "parent": null,
        "created_at": "2024-03-17T23:27:52.537Z",
        "updated_at": "2024-03-17T23:27:52.537Z"
    }
},
{
    "model": "app.comment",
    "pk": 71,
    "fields": {
        "user": 14,
        "entry": 17,
        "text": "Отличная статья, много полезной информации!",
        "parent": null,
        "created_at": "2024-03-17T23:27:52.540Z",
        "updated_at": "2024-03-17T23:27:52.540Z"
    }
},
{
    "model": "app.comment",
    "pk": 72,
    "fields": {
        "user": 24,
        "entry": 18,
        "text": "Прекрасно написано, легко читается.",
        "parent": null,
        "created_at": "2024-03-17T23:27:52.543Z",
        "updated_at": "2024-03-17T23:27:52.543Z"
    }
},
{
    "model": "app.comment",
    "pk": 73,
    "fields": {
        "user": 28,
        "entry": 18,
        "text": "Автор хорошо изложил материал, но структура может быть улучшена.",
        "parent": null,
        "created_at": "2024-03-17T23:27:52.546Z",
        "updated_at": "2024-03-17T23:27:52.546Z"
    }
},
{
    "model": "app.comment",
    "pk": 74,
    "fields": {
        "user": 25,
        "entry": 18,
        "text": "Автор мог бы уделить больше внимания исследованию.",
        "parent": null,
        "created_at": "2024-03-17T23:27:52.550Z",
        "updated_at": "2024-03-17T23:27:52.550Z"
    }
},
{
    "model": "app.comment",
    "pk": 75,
    "fields": {
        "user": 17,
        "entry": 18,
        "text": "Плохая статья, ничего нового.",
        "parent": null,
        "created_at": "2024-03-17T23:27:52.553Z",
        "updated_at": "2024-03-17T23:27:52.553Z"
    }
},
{
    "model": "app.comment",
    "pk": 76,
    "fields": {
        "user": 7,
        "entry": 18,
        "text": "Благодарю автора за качественный материал.",
        "parent": null,
        "created_at": "2024-03-17T23:27:52.556Z",
        "updated_at": "2024-03-17T23:27:52.556Z"
    }
},
{
    "model": "app.comment",
    "pk": 77,
    "fields": {
        "user": 23,
        "entry": 18,
        "text": "Читал с унынием, информация уже известна.",
        "parent": null,
        "created_at": "2024-03-17T23:27:52.559Z",
        "updated_at": "2024-03-17T23:27:52.559Z"
    }
},
{
    "model": "app.comment",
    "pk": 78,
    "fields": {
        "user": 18,
        "entry": 18,
        "text": "Читал с унынием, информация уже известна.",
        "parent": null,
        "created_at": "2024-03-17T23:27:52.562Z",
        "updated_at": "2024-03-17T23:27:52.562Z"
    }
},
{
    "model": "app.comment",
    "pk": 79,
    "fields": {
        "user": 26,
        "entry": 18,
        "text": "Интересный взгляд на тему, спасибо!",
        "parent": null,
        "created_at": "2024-03-17T23:27:52.565Z",
        "updated_at": "2024-03-17T23:27:52.565Z"
    }
},
{
    "model": "app.comment",
    "pk": 80,
    "fields": {
        "user": 39,
        "entry": 18,
        "text": "Пустая болтовня, не стоит времени.",
        "parent": null,
        "created_at": "2024-03-17T23:27:52.568Z",
        "updated_at": "2024-03-17T23:27:52.568Z"
    }
},
{
    "model": "app.comment",
    "pk": 81,
    "fields": {
        "user": 19,
        "entry": 18,
        "text": "Не плохо, но есть место для совершенствования.",
        "parent": null,
        "created_at": "2024-03-17T23:27:52.571Z",
        "updated_at": "2024-03-17T23:27:52.571Z"
    }
},
{
    "model": "app.comment",
    "pk": 82,
    "fields": {
        "user": 30,
        "entry": 18,
        "text": "Прекрасно написано, легко читается.",
        "parent": null,
        "created_at": "2024-03-17T23:27:52.574Z",
        "updated_at": "2024-03-17T23:27:52.574Z"
    }
},
{
    "model": "app.comment",
    "pk": 83,
    "fields": {
        "user": 17,
        "entry": 18,
        "text": "Читал с унынием, информация уже известна.",
        "parent": null,
        "created_at": "2024-03-17T23:27:52.577Z",
        "updated_at": "2024-03-17T23:27:52.577Z"
    }
},
{
    "model": "app.comment",
    "pk": 84,
    "fields": {
        "user": 40,
        "entry": 18,
        "text": "Супер статья! Добавил в закладки для изучения.",
        "parent": null,
        "created_at": "2024-03-17T23:27:52.580Z",
        "updated_at": "2024-03-17T23:27:52.580Z"
    }
},
{
    "model": "app.comment",
    "pk": 85,
    "fields": {
        "user": 7,
        "entry": 18,
        "text": "Пустая болтовня, не стоит времени.",
        "parent": null,
        "created_at": "2024-03-17T23:27:52.583Z",
        "updated_at": "2024-03-17T23:27:52.583Z"
    }
},
{
    "model": "app.comment",
    "pk": 86,
    "fields": {
        "user": 27,
        "entry": 18,
        "text": "Плохая статья, ничего нового.",
        "parent": null,
        "created_at": "2024-03-17T23:27:52.586Z",
        "updated_at": "2024-03-17T23:27:52.586Z"
    }
},
{
    "model": "app.comment",
    "pk": 87,
    "fields": {
        "user": 8,
        "entry": 18,
        "text": "Автор хорошо изложил материал, но структура может быть улучшена.",
        "parent": null,
        "created_at": "2024-03-17T23:27:52.590Z",
        "updated_at": "2024-03-17T23:27:52.590Z"
    }
},
{
    "model": "app.comment",
    "pk": 88,
    "fields": {
        "user": 30,
        "entry": 18,
        "text": "Супер статья! Добавил в закладки для изучения.",
        "parent": null,
        "created_at": "2024-03-17T23:27:52.592Z",
        "updated_at": "2024-03-17T23:27:52.592Z"
    }
},
{
    "model": "app.comment",
    "pk": 89,
    "fields": {
        "user": 26,
        "entry": 18,
        "text": "Информация в статье полезна, но ожидал большего.",
        "parent": null,
        "created_at": "2024-03-17T23:27:52.595Z",
        "updated_at": "2024-03-17T23:27:52.595Z"
    }
},
{
    "model": "app.comment",
    "pk": 90,
    "fields": {
        "user": 10,
        "entry": 18,
        "text": "Информация в статье полезна, но ожидал большего.",
        "parent": null,
        "created_at": "2024-03-17T23:27:52.598Z",
        "updated_at": "2024-03-17T23:27:52.598Z"
    }
},
{
    "model": "app.comment",
    "pk": 91,
    "fields": {
        "user": 12,
        "entry": 18,
        "text": "Автор хорошо изложил материал, но структура может быть улучшена.",
        "parent": null,
        "created_at": "2024-03-17T23:27:52.602Z",
        "updated_at": "2024-03-17T23:27:52.602Z"
    }
},
{
    "model": "app.comment",
    "pk": 92,
    "fields": {
        "user": 38,
        "entry": 19,
        "text": "Интересный взгляд на тему, спасибо!",
        "parent": null,
        "created_at": "2024-03-17T23:27:52.605Z",
        "updated_at": "2024-03-17T23:27:52.605Z"
    }
},
{
    "model": "app.comment",
    "pk": 93,
    "fields": {
        "user": 11,
        "entry": 19,
        "text": "Прекрасно написано, легко читается.",
        "parent": null,
        "created_at": "2024-03-17T23:27:52.608Z",
        "updated_at": "2024-03-17T23:27:52.608Z"
    }
},
{
    "model": "app.comment",
    "pk": 94,
    "fields": {
        "user": 15,
        "entry": 19,
        "text": "Не плохо, но есть место для совершенствования.",
        "parent": null,
        "created_at": "2024-03-17T23:27:52.611Z",
        "updated_at": "2024-03-17T23:27:52.611Z"
    }
},
{
    "model": "app.comment",
    "pk": 95,
    "fields": {
        "user": 37,
        "entry": 19,
        "text": "Читал с унынием, информация уже известна.",
        "parent": null,
        "created_at": "2024-03-17T23:27:52.614Z",
        "updated_at": "2024-03-17T23:27:52.614Z"
    }
},
{
    "model": "app.comment",
    "pk": 96,
    "fields": {
        "user": 17,
        "entry": 19,
        "text": "Средний уровень информации, нужно больше деталей.",
        "parent": null,
        "created_at": "2024-03-17T23:27:52.617Z",
        "updated_at": "2024-03-17T23:27:52.617Z"
    }
},
{
    "model": "app.comment",
    "pk": 97,
    "fields": {
        "user": 40,
        "entry": 19,
        "text": "Интересный взгляд на тему, спасибо!",
        "parent": null,
        "created_at": "2024-03-17T23:27:52.620Z",
        "updated_at": "2024-03-17T23:27:52.620Z"
    }
},
{
    "model": "app.comment",
    "pk": 98,
    "fields": {
        "user": 34,
        "entry": 19,
        "text": "Информация в статье полезна, но ожидал большего.",
        "parent": null,
        "created_at": "2024-03-17T23:27:52.623Z",
        "updated_at": "2024-03-17T23:27:52.623Z"
    }
},
{
    "model": "app.comment",
    "pk": 99,
    "fields": {
        "user": 19,
        "entry": 19,
        "text": "Благодарю автора за качественный материал.",
        "parent": null,
        "created_at": "2024-03-17T23:27:52.626Z",
        "updated_at": "2024-03-17T23:27:52.626Z"
    }
},
{
    "model": "app.comment",
    "pk": 100,
    "fields": {
        "user": 26,
        "entry": 19,
        "text": "Автор мог бы уделить больше внимания исследованию.",
        "parent": null,
        "created_at": "2024-03-17T23:27:52.628Z",
        "updated_at": "2024-03-17T23:27:52.628Z"
    }
},
{
    "model": "app.comment",
    "pk": 101,
    "fields": {
        "user": 30,
        "entry": 19,
        "text": "Плохая статья, ничего нового.",
        "parent": null,
        "created_at": "2024-03-17T23:27:52.632Z",
        "updated_at": "2024-03-17T23:27:52.632Z"
    }
},
{
    "model": "app.comment",
    "pk": 102,
    "fields": {
        "user": 40,
        "entry": 19,
        "text": "Плохая статья, ничего нового.",
        "parent": null,
        "created_at": "2024-03-17T23:27:52.634Z",
        "updated_at": "2024-03-17T23:27:52.634Z"
    }
},
{
    "model": "app.comment",
    "pk": 103,
    "fields": {
        "user": 14,
        "entry": 19,
        "text": "Информация в статье полезна, но ожидал большего.",
        "parent": null,
        "created_at": "2024-03-17T23:27:52.637Z",
        "updated_at": "2024-03-17T23:27:52.637Z"
    }
},
{
    "model": "app.comment",
    "pk": 104,
    "fields": {
        "user": 21,
        "entry": 20,
        "text": "Автор хорошо изложил материал, но структура может быть улучшена.",
        "parent": null,
        "created_at": "2024-03-17T23:27:52.640Z",
        "updated_at": "2024-03-17T23:27:52.640Z"
    }
},
{
    "model": "app.comment",
    "pk": 105,
    "fields": {
        "user": 28,
        "entry": 20,
        "text": "Статья интересная, но требует дополнительной информации.",
        "parent": null,
        "created_at": "2024-03-17T23:27:52.643Z",
        "updated_at": "2024-03-17T23:27:52.643Z"
    }
},
{
    "model": "app.comment",
    "pk": 106,
    "fields": {
        "user": 21,
        "entry": 20,
        "text": "Пустая болтовня, не стоит времени.",
        "parent": null,
        "created_at": "2024-03-17T23:27:52.646Z",
        "updated_at": "2024-03-17T23:27:52.646Z"
    }
},
{
    "model": "app.comment",
    "pk": 107,
    "fields": {
        "user": 21,
        "entry": 20,
        "text": "Статья интересная, но требует дополнительной информации.",
        "parent": null,
        "created_at": "2024-03-17T23:27:52.649Z",
        "updated_at": "2024-03-17T23:27:52.649Z"
    }
},
{
    "model": "app.comment",
    "pk": 108,
    "fields": {
        "user": 11,
        "entry": 20,
        "text": "Благодарю автора за качественный материал.",
        "parent": null,
        "created_at": "2024-03-17T23:27:52.652Z",
        "updated_at": "2024-03-17T23:27:52.652Z"
    }
},
{
    "model": "app.comment",
    "pk": 109,
    "fields": {
        "user": 10,
        "entry": 20,
        "text": "Информация в статье полезна, но ожидал большего.",
        "parent": null,
        "created_at": "2024-03-17T23:27:52.655Z",
        "updated_at": "2024-03-17T23:27:52.655Z"
    }
},
{
    "model": "app.comment",
    "pk": 110,
    "fields": {
        "user": 11,
        "entry": 20,
        "text": "Супер статья! Добавил в закладки для изучения.",
        "parent": null,
        "created_at": "2024-03-17T23:27:52.658Z",
        "updated_at": "2024-03-17T23:27:52.658Z"
    }
},
{
    "model": "app.comment",
    "pk": 111,
    "fields": {
        "user": 28,
        "entry": 20,
        "text": "Автор хорошо изложил материал, но структура может быть улучшена.",
        "parent": null,
        "created_at": "2024-03-17T23:27:52.661Z",
        "updated_at": "2024-03-17T23:27:52.661Z"
    }
},
{
    "model": "app.comment",
    "pk": 112,
    "fields": {
        "user": 39,
        "entry": 20,
        "text": "Информация в статье полезна, но ожидал большего.",
        "parent": null,
        "created_at": "2024-03-17T23:27:52.664Z",
        "updated_at": "2024-03-17T23:27:52.664Z"
    }
},
{
    "model": "app.comment",
    "pk": 113,
    "fields": {
        "user": 24,
        "entry": 20,
        "text": "Отличная статья, много полезной информации!",
        "parent": null,
        "created_at": "2024-03-17T23:27:52.667Z",
        "updated_at": "2024-03-17T23:27:52.667Z"
    }
},
{
    "model": "app.comment",
    "pk": 114,
    "fields": {
        "user": 38,
        "entry": 20,
        "text": "Информация в статье полезна, но ожидал большего.",
        "parent": null,
        "created_at": "2024-03-17T23:27:52.670Z",
        "updated_at": "2024-03-17T23:27:52.670Z"
    }
},
{
    "model": "app.comment",
    "pk": 115,
    "fields": {
        "user": 15,
        "entry": 20,
        "text": "Благодарю автора за качественный материал.",
        "parent": null,
        "created_at": "2024-03-17T23:27:52.673Z",
        "updated_at": "2024-03-17T23:27:52.673Z"
    }
},
{
    "model": "app.comment",
    "pk": 116,
    "fields": {
        "user": 37,
        "entry": 21,
        "text": "Информация в статье полезна, но ожидал большего.",
        "parent": null,
        "created_at": "2024-03-17T23:27:52.676Z",
        "updated_at": "2024-03-17T23:27:52.676Z"
    }
},
{
    "model": "app.comment",
    "pk": 117,
    "fields": {
        "user": 37,
        "entry": 21,
        "text": "Прекрасно написано, легко читается.",
        "parent": null,
        "created_at": "2024-03-17T23:27:52.679Z",
        "updated_at": "2024-03-17T23:27:52.679Z"
    }
},
{
    "model": "app.comment",
    "pk": 118,
    "fields": {
        "user": 33,
        "entry": 21,
        "text": "Информация в статье полезна, но ожидал большего.",
        "parent": null,
        "created_at": "2024-03-17T23:27:52.682Z",
        "updated_at": "2024-03-17T23:27:52.682Z"
    }
},
{
    "model": "app.comment",
    "pk": 119,
    "fields": {
        "user": 13,
        "entry": 21,
        "text": "Автор хорошо изложил материал, но структура может быть улучшена.",
        "parent": null,
        "created_at": "2024-03-17T23:27:52.685Z",
        "updated_at": "2024-03-17T23:27:52.685Z"
    }
},
{
    "model": "app.comment",
    "pk": 120,
    "fields": {
        "user": 34,
        "entry": 21,
        "text": "Содержание статьи мне не понравилось.",
        "parent": null,
        "created_at": "2024-03-17T23:27:52.688Z",
        "updated_at": "2024-03-17T23:27:52.688Z"
    }
},
{
    "model": "app.comment",
    "pk": 121,
    "fields": {
        "user": 34,
        "entry": 21,
        "text": "Автор мог бы уделить больше внимания исследованию.",
        "parent": null,
        "created_at": "2024-03-17T23:27:52.691Z",
        "updated_at": "2024-03-17T23:27:52.691Z"
    }
},
{
    "model": "app.comment",
    "pk": 122,
    "fields": {
        "user": 36,
        "entry": 21,
        "text": "Интересный взгляд на тему, спасибо!",
        "parent": null,
        "created_at": "2024-03-17T23:27:52.694Z",
        "updated_at": "2024-03-17T23:27:52.694Z"
    }
},
{
    "model": "app.comment",
    "pk": 123,
    "fields": {
        "user": 10,
        "entry": 21,
        "text": "Отличная статья, много полезной информации!",
        "parent": null,
        "created_at": "2024-03-17T23:27:52.697Z",
        "updated_at": "2024-03-17T23:27:52.697Z"
    }
},
{
    "model": "app.comment",
    "pk": 124,
    "fields": {
        "user": 13,
        "entry": 23,
        "text": "Статья интересная, но требует дополнительной информации.",
        "parent": null,
        "created_at": "2024-03-17T23:27:52.700Z",
        "updated_at": "2024-03-17T23:27:52.700Z"
    }
},
{
    "model": "app.comment",
    "pk": 125,
    "fields": {
        "user": 7,
        "entry": 1,
        "text": "Комментарий!",
        "parent": 1,
        "created_at": "2024-03-17T23:27:52.703Z",
        "updated_at": "2024-03-17T23:27:52.703Z"
    }
},
{
    "model": "app.comment",
    "pk": 126,
    "fields": {
        "user": 9,
        "entry": 2,
        "text": "Комментарий!",
        "parent": 2,
        "created_at": "2024-03-17T23:27:52.707Z",
        "updated_at": "2024-03-17T23:27:52.707Z"
    }
},
{
    "model": "app.comment",
    "pk": 127,
    "fields": {
        "user": 9,
        "entry": 2,
        "text": "Комментарий!",
        "parent": 3,
        "created_at": "2024-03-17T23:27:52.710Z",
        "updated_at": "2024-03-17T23:27:52.710Z"
    }
},
{
    "model": "app.comment",
    "pk": 128,
    "fields": {
        "user": 9,
        "entry": 2,
        "text": "Комментарий!",
        "parent": 4,
        "created_at": "2024-03-17T23:27:52.713Z",
        "updated_at": "2024-03-17T23:27:52.713Z"
    }
},
{
    "model": "app.comment",
    "pk": 129,
    "fields": {
        "user": 7,
        "entry": 3,
        "text": "Комментарий!",
        "parent": 13,
        "created_at": "2024-03-17T23:27:52.717Z",
        "updated_at": "2024-03-17T23:27:52.717Z"
    }
},
{
    "model": "app.comment",
    "pk": 130,
    "fields": {
        "user": 8,
        "entry": 3,
        "text": "Комментарий!",
        "parent": 14,
        "created_at": "2024-03-17T23:27:52.721Z",
        "updated_at": "2024-03-17T23:27:52.721Z"
    }
},
{
    "model": "app.comment",
    "pk": 131,
    "fields": {
        "user": 14,
        "entry": 5,
        "text": "Комментарий!",
        "parent": 20,
        "created_at": "2024-03-17T23:27:52.725Z",
        "updated_at": "2024-03-17T23:27:52.725Z"
    }
},
{
    "model": "app.comment",
    "pk": 132,
    "fields": {
        "user": 14,
        "entry": 7,
        "text": "Комментарий!",
        "parent": 33,
        "created_at": "2024-03-17T23:27:52.728Z",
        "updated_at": "2024-03-17T23:27:52.728Z"
    }
},
{
    "model": "app.comment",
    "pk": 133,
    "fields": {
        "user": 9,
        "entry": 9,
        "text": "Комментарий!",
        "parent": 41,
        "created_at": "2024-03-17T23:27:52.731Z",
        "updated_at": "2024-03-17T23:27:52.731Z"
    }
},
{
    "model": "app.comment",
    "pk": 134,
    "fields": {
        "user": 7,
        "entry": 23,
        "text": "Комментарий!",
        "parent": 124,
        "created_at": "2024-03-17T23:27:52.735Z",
        "updated_at": "2024-03-17T23:27:52.735Z"
    }
}
]
